<?xml version="1.0" encoding="UTF-8" standalone="no"?>
<annotation>
    <folder>Images</folder>
    <filename>033.jpg</filename>
    <source>
        <database>Unknown</database>
    </source>
    <size>
        <width>130</width>
        <height>170</height>
        <depth>3</depth>
    </size>
    <segmented>0</segmented>
    <object>
        <name>已戴口罩</name>
        <pose>Unspecified</pose>
        <truncated>0</truncated>
        <difficult>0</difficult>
        <occluded>0</occluded>
        <bndbox>
            <xmin>6</xmin>
            <ymin>29</ymin>
            <xmax>75</xmax>
            <ymax>114</ymax>
        </bndbox>
    </object>
</annotation>
