<?xml version="1.0" encoding="UTF-8" standalone="no"?>
<annotation>
    <folder>Images</folder>
    <filename>b013.jpg</filename>
    <source>
        <database>Unknown</database>
    </source>
    <size>
        <width>527</width>
        <height>300</height>
        <depth>3</depth>
    </size>
    <segmented>0</segmented>
    <object>
        <name>未戴口罩</name>
        <pose>Unspecified</pose>
        <truncated>0</truncated>
        <difficult>0</difficult>
        <occluded>0</occluded>
        <bndbox>
            <xmin>229</xmin>
            <ymin>20</ymin>
            <xmax>298</xmax>
            <ymax>115</ymax>
        </bndbox>
    </object>
    <object>
        <name>未戴口罩</name>
        <pose>Unspecified</pose>
        <truncated>0</truncated>
        <difficult>0</difficult>
        <occluded>0</occluded>
        <bndbox>
            <xmin>375</xmin>
            <ymin>18</ymin>
            <xmax>443</xmax>
            <ymax>106</ymax>
        </bndbox>
    </object>
</annotation>
