<?xml version="1.0" encoding="UTF-8" standalone="no"?>
<annotation>
    <folder>Images</folder>
    <filename>b032.jpg</filename>
    <source>
        <database>Unknown</database>
    </source>
    <size>
        <width>440</width>
        <height>413</height>
        <depth>3</depth>
    </size>
    <segmented>0</segmented>
    <object>
        <name>未戴口罩</name>
        <pose>Unspecified</pose>
        <truncated>0</truncated>
        <difficult>0</difficult>
        <occluded>0</occluded>
        <bndbox>
            <xmin>56</xmin>
            <ymin>31</ymin>
            <xmax>145</xmax>
            <ymax>157</ymax>
        </bndbox>
    </object>
    <object>
        <name>未戴口罩</name>
        <pose>Unspecified</pose>
        <truncated>0</truncated>
        <difficult>0</difficult>
        <occluded>0</occluded>
        <bndbox>
            <xmin>285</xmin>
            <ymin>17</ymin>
            <xmax>370</xmax>
            <ymax>147</ymax>
        </bndbox>
    </object>
    <object>
        <name>未戴口罩</name>
        <pose>Unspecified</pose>
        <truncated>0</truncated>
        <difficult>0</difficult>
        <occluded>0</occluded>
        <bndbox>
            <xmin>50</xmin>
            <ymin>239</ymin>
            <xmax>151</xmax>
            <ymax>381</ymax>
        </bndbox>
    </object>
    <object>
        <name>未戴口罩</name>
        <pose>Unspecified</pose>
        <truncated>0</truncated>
        <difficult>0</difficult>
        <occluded>0</occluded>
        <bndbox>
            <xmin>281</xmin>
            <ymin>244</ymin>
            <xmax>384</xmax>
            <ymax>376</ymax>
        </bndbox>
    </object>
</annotation>
