<?xml version="1.0" encoding="UTF-8" standalone="no"?>
<annotation>
    <folder>Images</folder>
    <filename>b057.jpg</filename>
    <source>
        <database>Unknown</database>
    </source>
    <size>
        <width>500</width>
        <height>369</height>
        <depth>3</depth>
    </size>
    <segmented>0</segmented>
    <object>
        <name>未戴口罩</name>
        <pose>Unspecified</pose>
        <truncated>0</truncated>
        <difficult>0</difficult>
        <occluded>0</occluded>
        <bndbox>
            <xmin>81</xmin>
            <ymin>108</ymin>
            <xmax>116</xmax>
            <ymax>143</ymax>
        </bndbox>
    </object>
    <object>
        <name>未戴口罩</name>
        <pose>Unspecified</pose>
        <truncated>0</truncated>
        <difficult>0</difficult>
        <occluded>0</occluded>
        <bndbox>
            <xmin>122</xmin>
            <ymin>84</ymin>
            <xmax>161</xmax>
            <ymax>144</ymax>
        </bndbox>
    </object>
    <object>
        <name>未戴口罩</name>
        <pose>Unspecified</pose>
        <truncated>0</truncated>
        <difficult>0</difficult>
        <occluded>0</occluded>
        <bndbox>
            <xmin>175</xmin>
            <ymin>80</ymin>
            <xmax>210</xmax>
            <ymax>131</ymax>
        </bndbox>
    </object>
    <object>
        <name>未戴口罩</name>
        <pose>Unspecified</pose>
        <truncated>0</truncated>
        <difficult>0</difficult>
        <occluded>0</occluded>
        <bndbox>
            <xmin>220</xmin>
            <ymin>75</ymin>
            <xmax>259</xmax>
            <ymax>141</ymax>
        </bndbox>
    </object>
    <object>
        <name>未戴口罩</name>
        <pose>Unspecified</pose>
        <truncated>0</truncated>
        <difficult>0</difficult>
        <occluded>0</occluded>
        <bndbox>
            <xmin>272</xmin>
            <ymin>76</ymin>
            <xmax>323</xmax>
            <ymax>135</ymax>
        </bndbox>
    </object>
    <object>
        <name>未戴口罩</name>
        <pose>Unspecified</pose>
        <truncated>0</truncated>
        <difficult>0</difficult>
        <occluded>0</occluded>
        <bndbox>
            <xmin>339</xmin>
            <ymin>92</ymin>
            <xmax>375</xmax>
            <ymax>143</ymax>
        </bndbox>
    </object>
    <object>
        <name>未戴口罩</name>
        <pose>Unspecified</pose>
        <truncated>0</truncated>
        <difficult>0</difficult>
        <occluded>0</occluded>
        <bndbox>
            <xmin>380</xmin>
            <ymin>99</ymin>
            <xmax>404</xmax>
            <ymax>152</ymax>
        </bndbox>
    </object>
    <object>
        <name>未戴口罩</name>
        <pose>Unspecified</pose>
        <truncated>0</truncated>
        <difficult>0</difficult>
        <occluded>0</occluded>
        <bndbox>
            <xmin>413</xmin>
            <ymin>104</ymin>
            <xmax>454</xmax>
            <ymax>170</ymax>
        </bndbox>
    </object>
</annotation>
