<?xml version="1.0" encoding="UTF-8" standalone="no"?>
<annotation>
    <folder>Images</folder>
    <filename>b059.jpg</filename>
    <source>
        <database>Unknown</database>
    </source>
    <size>
        <width>800</width>
        <height>1067</height>
        <depth>3</depth>
    </size>
    <segmented>0</segmented>
    <object>
        <name>未戴口罩</name>
        <pose>Unspecified</pose>
        <truncated>0</truncated>
        <difficult>0</difficult>
        <occluded>0</occluded>
        <bndbox>
            <xmin>661</xmin>
            <ymin>518</ymin>
            <xmax>741</xmax>
            <ymax>614</ymax>
        </bndbox>
    </object>
    <object>
        <name>未戴口罩</name>
        <pose>Unspecified</pose>
        <truncated>0</truncated>
        <difficult>0</difficult>
        <occluded>0</occluded>
        <bndbox>
            <xmin>120</xmin>
            <ymin>525</ymin>
            <xmax>216</xmax>
            <ymax>630</ymax>
        </bndbox>
    </object>
    <object>
        <name>未戴口罩</name>
        <pose>Unspecified</pose>
        <truncated>0</truncated>
        <difficult>0</difficult>
        <occluded>0</occluded>
        <bndbox>
            <xmin>330</xmin>
            <ymin>458</ymin>
            <xmax>358</xmax>
            <ymax>494</ymax>
        </bndbox>
    </object>
</annotation>
