<?xml version="1.0" encoding="UTF-8" standalone="no"?>
<annotation>
    <folder>Images</folder>
    <filename>b069.jpg</filename>
    <source>
        <database>Unknown</database>
    </source>
    <size>
        <width>497</width>
        <height>307</height>
        <depth>3</depth>
    </size>
    <segmented>0</segmented>
    <object>
        <name>未戴口罩</name>
        <pose>Unspecified</pose>
        <truncated>0</truncated>
        <difficult>0</difficult>
        <occluded>0</occluded>
        <bndbox>
            <xmin>358</xmin>
            <ymin>90</ymin>
            <xmax>449</xmax>
            <ymax>228</ymax>
        </bndbox>
    </object>
    <object>
        <name>未戴口罩</name>
        <pose>Unspecified</pose>
        <truncated>0</truncated>
        <difficult>0</difficult>
        <occluded>0</occluded>
        <bndbox>
            <xmin>174</xmin>
            <ymin>33</ymin>
            <xmax>322</xmax>
            <ymax>240</ymax>
        </bndbox>
    </object>
</annotation>
