<?xml version="1.0" encoding="UTF-8" standalone="no"?>
<annotation>
    <folder>Images</folder>
    <filename>b074.jpg</filename>
    <source>
        <database>Unknown</database>
    </source>
    <size>
        <width>240</width>
        <height>322</height>
        <depth>3</depth>
    </size>
    <segmented>0</segmented>
    <object>
        <name>未戴口罩</name>
        <pose>Unspecified</pose>
        <truncated>0</truncated>
        <difficult>0</difficult>
        <occluded>0</occluded>
        <bndbox>
            <xmin>67</xmin>
            <ymin>2</ymin>
            <xmax>187</xmax>
            <ymax>184</ymax>
        </bndbox>
    </object>
</annotation>
