<?xml version="1.0" encoding="UTF-8" standalone="no"?>
<annotation>
    <folder>Images</folder>
    <filename>b088.jpg</filename>
    <source>
        <database>Unknown</database>
    </source>
    <size>
        <width>529</width>
        <height>300</height>
        <depth>3</depth>
    </size>
    <segmented>0</segmented>
    <object>
        <name>未戴口罩</name>
        <pose>Unspecified</pose>
        <truncated>0</truncated>
        <difficult>0</difficult>
        <occluded>0</occluded>
        <bndbox>
            <xmin>1</xmin>
            <ymin>105</ymin>
            <xmax>108</xmax>
            <ymax>280</ymax>
        </bndbox>
    </object>
    <object>
        <name>未戴口罩</name>
        <pose>Unspecified</pose>
        <truncated>0</truncated>
        <difficult>0</difficult>
        <occluded>0</occluded>
        <bndbox>
            <xmin>75</xmin>
            <ymin>66</ymin>
            <xmax>174</xmax>
            <ymax>232</ymax>
        </bndbox>
    </object>
    <object>
        <name>未戴口罩</name>
        <pose>Unspecified</pose>
        <truncated>0</truncated>
        <difficult>0</difficult>
        <occluded>0</occluded>
        <bndbox>
            <xmin>127</xmin>
            <ymin>34</ymin>
            <xmax>228</xmax>
            <ymax>196</ymax>
        </bndbox>
    </object>
    <object>
        <name>未戴口罩</name>
        <pose>Unspecified</pose>
        <truncated>0</truncated>
        <difficult>0</difficult>
        <occluded>0</occluded>
        <bndbox>
            <xmin>183</xmin>
            <ymin>14</ymin>
            <xmax>309</xmax>
            <ymax>196</ymax>
        </bndbox>
    </object>
    <object>
        <name>未戴口罩</name>
        <pose>Unspecified</pose>
        <truncated>0</truncated>
        <difficult>0</difficult>
        <occluded>0</occluded>
        <bndbox>
            <xmin>276</xmin>
            <ymin>2</ymin>
            <xmax>421</xmax>
            <ymax>163</ymax>
        </bndbox>
    </object>
    <object>
        <name>未戴口罩</name>
        <pose>Unspecified</pose>
        <truncated>0</truncated>
        <difficult>0</difficult>
        <occluded>0</occluded>
        <bndbox>
            <xmin>389</xmin>
            <ymin>6</ymin>
            <xmax>529</xmax>
            <ymax>142</ymax>
        </bndbox>
    </object>
</annotation>
