<?xml version="1.0" encoding="UTF-8" standalone="no"?>
<annotation>
    <folder>Images</folder>
    <filename>b094.jpg</filename>
    <source>
        <database>Unknown</database>
    </source>
    <size>
        <width>500</width>
        <height>332</height>
        <depth>3</depth>
    </size>
    <segmented>0</segmented>
    <object>
        <name>未戴口罩</name>
        <pose>Unspecified</pose>
        <truncated>0</truncated>
        <difficult>0</difficult>
        <occluded>0</occluded>
        <circle>
            <cx>353</cx>
            <cy>170</cy>
            <r>32</r>
        </circle>
    </object>
    <object>
        <name>未戴口罩</name>
        <pose>Unspecified</pose>
        <truncated>0</truncated>
        <difficult>0</difficult>
        <occluded>0</occluded>
        <circle>
            <cx>353</cx>
            <cy>122</cy>
            <r>17</r>
        </circle>
    </object>
    <object>
        <name>未戴口罩</name>
        <pose>Unspecified</pose>
        <truncated>0</truncated>
        <difficult>0</difficult>
        <occluded>0</occluded>
        <circle>
            <cx>434</cx>
            <cy>235</cy>
            <r>40</r>
        </circle>
    </object>
    <object>
        <name>未戴口罩</name>
        <pose>Unspecified</pose>
        <truncated>0</truncated>
        <difficult>0</difficult>
        <occluded>0</occluded>
        <circle>
            <cx>471</cx>
            <cy>145</cy>
            <r>28</r>
        </circle>
    </object>
    <object>
        <name>未戴口罩</name>
        <pose>Unspecified</pose>
        <truncated>0</truncated>
        <difficult>0</difficult>
        <occluded>0</occluded>
        <circle>
            <cx>383</cx>
            <cy>148</cy>
            <r>23</r>
        </circle>
    </object>
    <object>
        <name>未戴口罩</name>
        <pose>Unspecified</pose>
        <truncated>0</truncated>
        <difficult>0</difficult>
        <occluded>0</occluded>
        <circle>
            <cx>388</cx>
            <cy>112</cy>
            <r>26</r>
        </circle>
    </object>
    <object>
        <name>未戴口罩</name>
        <pose>Unspecified</pose>
        <truncated>0</truncated>
        <difficult>0</difficult>
        <occluded>0</occluded>
        <circle>
            <cx>447</cx>
            <cy>107</cy>
            <r>23</r>
        </circle>
    </object>
    <object>
        <name>未戴口罩</name>
        <pose>Unspecified</pose>
        <truncated>0</truncated>
        <difficult>0</difficult>
        <occluded>0</occluded>
        <circle>
            <cx>84</cx>
            <cy>200</cy>
            <r>47</r>
        </circle>
    </object>
    <object>
        <name>未戴口罩</name>
        <pose>Unspecified</pose>
        <truncated>0</truncated>
        <difficult>0</difficult>
        <occluded>0</occluded>
        <circle>
            <cx>125</cx>
            <cy>189</cy>
            <r>25</r>
        </circle>
    </object>
    <object>
        <name>未戴口罩</name>
        <pose>Unspecified</pose>
        <truncated>0</truncated>
        <difficult>0</difficult>
        <occluded>0</occluded>
        <circle>
            <cx>151</cx>
            <cy>133</cy>
            <r>23</r>
        </circle>
    </object>
    <object>
        <name>未戴口罩</name>
        <pose>Unspecified</pose>
        <truncated>0</truncated>
        <difficult>0</difficult>
        <occluded>0</occluded>
        <circle>
            <cx>168</cx>
            <cy>163</cy>
            <r>24</r>
        </circle>
    </object>
    <object>
        <name>未戴口罩</name>
        <pose>Unspecified</pose>
        <truncated>0</truncated>
        <difficult>0</difficult>
        <occluded>0</occluded>
        <circle>
            <cx>201</cx>
            <cy>200</cy>
            <r>31</r>
        </circle>
    </object>
    <object>
        <name>未戴口罩</name>
        <pose>Unspecified</pose>
        <truncated>0</truncated>
        <difficult>0</difficult>
        <occluded>0</occluded>
        <circle>
            <cx>258</cx>
            <cy>131</cy>
            <r>23</r>
        </circle>
    </object>
    <object>
        <name>未戴口罩</name>
        <pose>Unspecified</pose>
        <truncated>0</truncated>
        <difficult>0</difficult>
        <occluded>0</occluded>
        <circle>
            <cx>198</cx>
            <cy>102</cy>
            <r>25</r>
        </circle>
    </object>
    <object>
        <name>未戴口罩</name>
        <pose>Unspecified</pose>
        <truncated>0</truncated>
        <difficult>0</difficult>
        <occluded>0</occluded>
        <circle>
            <cx>297</cx>
            <cy>137</cy>
            <r>23</r>
        </circle>
    </object>
</annotation>
