<?xml version="1.0" encoding="UTF-8" standalone="no"?>
<annotation>
    <folder>Images</folder>
    <filename>b098.jpg</filename>
    <source>
        <database>Unknown</database>
    </source>
    <size>
        <width>700</width>
        <height>463</height>
        <depth>3</depth>
    </size>
    <segmented>0</segmented>
    <object>
        <name>未戴口罩</name>
        <pose>Unspecified</pose>
        <truncated>0</truncated>
        <difficult>0</difficult>
        <occluded>0</occluded>
        <bndbox>
            <xmin>83</xmin>
            <ymin>68</ymin>
            <xmax>189</xmax>
            <ymax>173</ymax>
        </bndbox>
    </object>
    <object>
        <name>未戴口罩</name>
        <pose>Unspecified</pose>
        <truncated>0</truncated>
        <difficult>0</difficult>
        <occluded>0</occluded>
        <bndbox>
            <xmin>376</xmin>
            <ymin>79</ymin>
            <xmax>443</xmax>
            <ymax>174</ymax>
        </bndbox>
    </object>
    <object>
        <name>未戴口罩</name>
        <pose>Unspecified</pose>
        <truncated>0</truncated>
        <difficult>0</difficult>
        <occluded>0</occluded>
        <bndbox>
            <xmin>520</xmin>
            <ymin>78</ymin>
            <xmax>583</xmax>
            <ymax>182</ymax>
        </bndbox>
    </object>
</annotation>
