<?xml version="1.0" encoding="UTF-8" standalone="no"?>
<annotation>
    <folder>Images</folder>
    <filename>b105.jpg</filename>
    <source>
        <database>Unknown</database>
    </source>
    <size>
        <width>280</width>
        <height>210</height>
        <depth>3</depth>
    </size>
    <segmented>0</segmented>
    <object>
        <name>未戴口罩</name>
        <pose>Unspecified</pose>
        <truncated>0</truncated>
        <difficult>0</difficult>
        <occluded>0</occluded>
        <bndbox>
            <xmin>34</xmin>
            <ymin>26</ymin>
            <xmax>73</xmax>
            <ymax>74</ymax>
        </bndbox>
    </object>
    <object>
        <name>未戴口罩</name>
        <pose>Unspecified</pose>
        <truncated>0</truncated>
        <difficult>0</difficult>
        <occluded>0</occluded>
        <bndbox>
            <xmin>133</xmin>
            <ymin>30</ymin>
            <xmax>165</xmax>
            <ymax>68</ymax>
        </bndbox>
    </object>
    <object>
        <name>未戴口罩</name>
        <pose>Unspecified</pose>
        <truncated>0</truncated>
        <difficult>0</difficult>
        <occluded>0</occluded>
        <bndbox>
            <xmin>211</xmin>
            <ymin>16</ymin>
            <xmax>247</xmax>
            <ymax>58</ymax>
        </bndbox>
    </object>
</annotation>
