<?xml version="1.0" encoding="UTF-8" standalone="no"?>
<annotation>
    <folder>Images</folder>
    <filename>b106.jpg</filename>
    <source>
        <database>Unknown</database>
    </source>
    <size>
        <width>500</width>
        <height>334</height>
        <depth>3</depth>
    </size>
    <segmented>0</segmented>
    <object>
        <name>未戴口罩</name>
        <pose>Unspecified</pose>
        <truncated>0</truncated>
        <difficult>0</difficult>
        <occluded>0</occluded>
        <bndbox>
            <xmin>12</xmin>
            <ymin>85</ymin>
            <xmax>47</xmax>
            <ymax>141</ymax>
        </bndbox>
    </object>
    <object>
        <name>未戴口罩</name>
        <pose>Unspecified</pose>
        <truncated>0</truncated>
        <difficult>0</difficult>
        <occluded>0</occluded>
        <bndbox>
            <xmin>65</xmin>
            <ymin>77</ymin>
            <xmax>104</xmax>
            <ymax>149</ymax>
        </bndbox>
    </object>
    <object>
        <name>未戴口罩</name>
        <pose>Unspecified</pose>
        <truncated>0</truncated>
        <difficult>0</difficult>
        <occluded>0</occluded>
        <bndbox>
            <xmin>123</xmin>
            <ymin>76</ymin>
            <xmax>171</xmax>
            <ymax>137</ymax>
        </bndbox>
    </object>
    <object>
        <name>未戴口罩</name>
        <pose>Unspecified</pose>
        <truncated>0</truncated>
        <difficult>0</difficult>
        <occluded>0</occluded>
        <bndbox>
            <xmin>177</xmin>
            <ymin>67</ymin>
            <xmax>226</xmax>
            <ymax>164</ymax>
        </bndbox>
    </object>
    <object>
        <name>未戴口罩</name>
        <pose>Unspecified</pose>
        <truncated>0</truncated>
        <difficult>0</difficult>
        <occluded>0</occluded>
        <bndbox>
            <xmin>242</xmin>
            <ymin>66</ymin>
            <xmax>284</xmax>
            <ymax>146</ymax>
        </bndbox>
    </object>
    <object>
        <name>未戴口罩</name>
        <pose>Unspecified</pose>
        <truncated>0</truncated>
        <difficult>0</difficult>
        <occluded>0</occluded>
        <bndbox>
            <xmin>296</xmin>
            <ymin>65</ymin>
            <xmax>326</xmax>
            <ymax>126</ymax>
        </bndbox>
    </object>
    <object>
        <name>未戴口罩</name>
        <pose>Unspecified</pose>
        <truncated>0</truncated>
        <difficult>0</difficult>
        <occluded>0</occluded>
        <bndbox>
            <xmin>355</xmin>
            <ymin>85</ymin>
            <xmax>376</xmax>
            <ymax>136</ymax>
        </bndbox>
    </object>
    <object>
        <name>未戴口罩</name>
        <pose>Unspecified</pose>
        <truncated>0</truncated>
        <difficult>0</difficult>
        <occluded>0</occluded>
        <bndbox>
            <xmin>389</xmin>
            <ymin>65</ymin>
            <xmax>424</xmax>
            <ymax>136</ymax>
        </bndbox>
    </object>
    <object>
        <name>未戴口罩</name>
        <pose>Unspecified</pose>
        <truncated>0</truncated>
        <difficult>0</difficult>
        <occluded>0</occluded>
        <bndbox>
            <xmin>459</xmin>
            <ymin>81</ymin>
            <xmax>498</xmax>
            <ymax>146</ymax>
        </bndbox>
    </object>
</annotation>
