<?xml version="1.0" encoding="UTF-8" standalone="no"?>
<annotation>
    <folder>Images</folder>
    <filename>b107.jpg</filename>
    <source>
        <database>Unknown</database>
    </source>
    <size>
        <width>500</width>
        <height>347</height>
        <depth>3</depth>
    </size>
    <segmented>0</segmented>
    <object>
        <name>未戴口罩</name>
        <pose>Unspecified</pose>
        <truncated>0</truncated>
        <difficult>0</difficult>
        <occluded>0</occluded>
        <bndbox>
            <xmin>101</xmin>
            <ymin>103</ymin>
            <xmax>150</xmax>
            <ymax>188</ymax>
        </bndbox>
    </object>
    <object>
        <name>未戴口罩</name>
        <pose>Unspecified</pose>
        <truncated>0</truncated>
        <difficult>0</difficult>
        <occluded>0</occluded>
        <bndbox>
            <xmin>190</xmin>
            <ymin>91</ymin>
            <xmax>240</xmax>
            <ymax>159</ymax>
        </bndbox>
    </object>
    <object>
        <name>未戴口罩</name>
        <pose>Unspecified</pose>
        <truncated>0</truncated>
        <difficult>0</difficult>
        <occluded>0</occluded>
        <bndbox>
            <xmin>257</xmin>
            <ymin>89</ymin>
            <xmax>315</xmax>
            <ymax>188</ymax>
        </bndbox>
    </object>
    <object>
        <name>未戴口罩</name>
        <pose>Unspecified</pose>
        <truncated>0</truncated>
        <difficult>0</difficult>
        <occluded>0</occluded>
        <bndbox>
            <xmin>308</xmin>
            <ymin>46</ymin>
            <xmax>464</xmax>
            <ymax>241</ymax>
        </bndbox>
    </object>
    <object>
        <name>未戴口罩</name>
        <pose>Unspecified</pose>
        <truncated>0</truncated>
        <difficult>0</difficult>
        <occluded>0</occluded>
        <bndbox>
            <xmin>53</xmin>
            <ymin>188</ymin>
            <xmax>138</xmax>
            <ymax>290</ymax>
        </bndbox>
    </object>
    <object>
        <name>未戴口罩</name>
        <pose>Unspecified</pose>
        <truncated>0</truncated>
        <difficult>0</difficult>
        <occluded>0</occluded>
        <bndbox>
            <xmin>150</xmin>
            <ymin>143</ymin>
            <xmax>221</xmax>
            <ymax>237</ymax>
        </bndbox>
    </object>
</annotation>
