<?xml version="1.0" encoding="UTF-8" standalone="no"?>
<annotation>
    <folder>Images</folder>
    <filename>b123.jpg</filename>
    <source>
        <database>Unknown</database>
    </source>
    <size>
        <width>499</width>
        <height>317</height>
        <depth>3</depth>
    </size>
    <segmented>0</segmented>
    <object>
        <name>未戴口罩</name>
        <pose>Unspecified</pose>
        <truncated>0</truncated>
        <difficult>0</difficult>
        <occluded>0</occluded>
        <bndbox>
            <xmin>178</xmin>
            <ymin>29</ymin>
            <xmax>236</xmax>
            <ymax>85</ymax>
        </bndbox>
    </object>
    <object>
        <name>未戴口罩</name>
        <pose>Unspecified</pose>
        <truncated>0</truncated>
        <difficult>0</difficult>
        <occluded>0</occluded>
        <bndbox>
            <xmin>355</xmin>
            <ymin>97</ymin>
            <xmax>373</xmax>
            <ymax>116</ymax>
        </bndbox>
    </object>
</annotation>
