<?xml version="1.0" encoding="UTF-8" standalone="no"?>
<annotation>
    <folder>Images</folder>
    <filename>b124.jpg</filename>
    <source>
        <database>Unknown</database>
    </source>
    <size>
        <width>326</width>
        <height>326</height>
        <depth>3</depth>
    </size>
    <segmented>0</segmented>
    <object>
        <name>未戴口罩</name>
        <pose>Unspecified</pose>
        <truncated>0</truncated>
        <difficult>0</difficult>
        <occluded>0</occluded>
        <bndbox>
            <xmin>22</xmin>
            <ymin>9</ymin>
            <xmax>89</xmax>
            <ymax>106</ymax>
        </bndbox>
    </object>
    <object>
        <name>未戴口罩</name>
        <pose>Unspecified</pose>
        <truncated>0</truncated>
        <difficult>0</difficult>
        <occluded>0</occluded>
        <bndbox>
            <xmin>131</xmin>
            <ymin>9</ymin>
            <xmax>205</xmax>
            <ymax>115</ymax>
        </bndbox>
    </object>
    <object>
        <name>未戴口罩</name>
        <pose>Unspecified</pose>
        <truncated>0</truncated>
        <difficult>0</difficult>
        <occluded>0</occluded>
        <bndbox>
            <xmin>251</xmin>
            <ymin>12</ymin>
            <xmax>309</xmax>
            <ymax>97</ymax>
        </bndbox>
    </object>
</annotation>
