<?xml version="1.0" encoding="UTF-8" standalone="no"?>
<annotation>
    <folder>Images</folder>
    <filename>b125.jpg</filename>
    <source>
        <database>Unknown</database>
    </source>
    <size>
        <width>361</width>
        <height>550</height>
        <depth>3</depth>
    </size>
    <segmented>0</segmented>
    <object>
        <name>未戴口罩</name>
        <pose>Unspecified</pose>
        <truncated>0</truncated>
        <difficult>0</difficult>
        <occluded>0</occluded>
        <bndbox>
            <xmin>89</xmin>
            <ymin>73</ymin>
            <xmax>171</xmax>
            <ymax>177</ymax>
        </bndbox>
    </object>
    <object>
        <name>未戴口罩</name>
        <pose>Unspecified</pose>
        <truncated>0</truncated>
        <difficult>0</difficult>
        <occluded>0</occluded>
        <bndbox>
            <xmin>223</xmin>
            <ymin>100</ymin>
            <xmax>281</xmax>
            <ymax>221</ymax>
        </bndbox>
    </object>
</annotation>
