<?xml version="1.0" encoding="UTF-8" standalone="no"?>
<annotation>
    <folder>Images</folder>
    <filename>b132.jpg</filename>
    <source>
        <database>Unknown</database>
    </source>
    <size>
        <width>310</width>
        <height>465</height>
        <depth>3</depth>
    </size>
    <segmented>0</segmented>
    <object>
        <name>未戴口罩</name>
        <pose>Unspecified</pose>
        <truncated>0</truncated>
        <difficult>0</difficult>
        <occluded>0</occluded>
        <bndbox>
            <xmin>53</xmin>
            <ymin>32</ymin>
            <xmax>249</xmax>
            <ymax>161</ymax>
        </bndbox>
    </object>
</annotation>
