<?xml version="1.0" encoding="UTF-8" standalone="no"?>
<annotation>
    <folder>Images</folder>
    <filename>b135.jpg</filename>
    <source>
        <database>Unknown</database>
    </source>
    <size>
        <width>535</width>
        <height>300</height>
        <depth>3</depth>
    </size>
    <segmented>0</segmented>
    <object>
        <name>未戴口罩</name>
        <pose>Unspecified</pose>
        <truncated>0</truncated>
        <difficult>0</difficult>
        <occluded>0</occluded>
        <bndbox>
            <xmin>180</xmin>
            <ymin>34</ymin>
            <xmax>220</xmax>
            <ymax>88</ymax>
        </bndbox>
    </object>
    <object>
        <name>未戴口罩</name>
        <pose>Unspecified</pose>
        <truncated>0</truncated>
        <difficult>0</difficult>
        <occluded>0</occluded>
        <bndbox>
            <xmin>236</xmin>
            <ymin>60</ymin>
            <xmax>298</xmax>
            <ymax>133</ymax>
        </bndbox>
    </object>
    <object>
        <name>未戴口罩</name>
        <pose>Unspecified</pose>
        <truncated>0</truncated>
        <difficult>0</difficult>
        <occluded>0</occluded>
        <bndbox>
            <xmin>156</xmin>
            <ymin>161</ymin>
            <xmax>207</xmax>
            <ymax>203</ymax>
        </bndbox>
    </object>
</annotation>
