<?xml version="1.0" encoding="UTF-8" standalone="no"?>
<annotation>
    <folder>Images</folder>
    <filename>b140.jpg</filename>
    <source>
        <database>Unknown</database>
    </source>
    <size>
        <width>294</width>
        <height>195</height>
        <depth>3</depth>
    </size>
    <segmented>0</segmented>
    <object>
        <name>未戴口罩</name>
        <pose>Unspecified</pose>
        <truncated>0</truncated>
        <difficult>0</difficult>
        <occluded>0</occluded>
        <bndbox>
            <xmin>68</xmin>
            <ymin>32</ymin>
            <xmax>104</xmax>
            <ymax>78</ymax>
        </bndbox>
    </object>
    <object>
        <name>未戴口罩</name>
        <pose>Unspecified</pose>
        <truncated>0</truncated>
        <difficult>0</difficult>
        <occluded>0</occluded>
        <bndbox>
            <xmin>43</xmin>
            <ymin>74</ymin>
            <xmax>94</xmax>
            <ymax>136</ymax>
        </bndbox>
    </object>
    <object>
        <name>未戴口罩</name>
        <pose>Unspecified</pose>
        <truncated>0</truncated>
        <difficult>0</difficult>
        <occluded>0</occluded>
        <bndbox>
            <xmin>189</xmin>
            <ymin>38</ymin>
            <xmax>261</xmax>
            <ymax>114</ymax>
        </bndbox>
    </object>
</annotation>
