<?xml version="1.0" encoding="UTF-8" standalone="no"?>
<annotation>
    <folder>Images</folder>
    <filename>b143.jpg</filename>
    <source>
        <database>Unknown</database>
    </source>
    <size>
        <width>293</width>
        <height>220</height>
        <depth>3</depth>
    </size>
    <segmented>0</segmented>
    <object>
        <name>未戴口罩</name>
        <pose>Unspecified</pose>
        <truncated>0</truncated>
        <difficult>0</difficult>
        <occluded>0</occluded>
        <bndbox>
            <xmin>118</xmin>
            <ymin>64</ymin>
            <xmax>167</xmax>
            <ymax>130</ymax>
        </bndbox>
    </object>
    <object>
        <name>未戴口罩</name>
        <pose>Unspecified</pose>
        <truncated>0</truncated>
        <difficult>0</difficult>
        <occluded>0</occluded>
        <bndbox>
            <xmin>217</xmin>
            <ymin>83</ymin>
            <xmax>284</xmax>
            <ymax>167</ymax>
        </bndbox>
    </object>
    <object>
        <name>未戴口罩</name>
        <pose>Unspecified</pose>
        <truncated>0</truncated>
        <difficult>0</difficult>
        <occluded>0</occluded>
        <bndbox>
            <xmin>34</xmin>
            <ymin>135</ymin>
            <xmax>79</xmax>
            <ymax>186</ymax>
        </bndbox>
    </object>
</annotation>
