<?xml version="1.0" encoding="UTF-8" standalone="no"?>
<annotation>
    <folder>Images</folder>
    <filename>b147.jpg</filename>
    <source>
        <database>Unknown</database>
    </source>
    <size>
        <width>320</width>
        <height>180</height>
        <depth>3</depth>
    </size>
    <segmented>0</segmented>
    <object>
        <name>未戴口罩</name>
        <pose>Unspecified</pose>
        <truncated>0</truncated>
        <difficult>0</difficult>
        <occluded>0</occluded>
        <circle>
            <cx>189</cx>
            <cy>80</cy>
            <r>14</r>
        </circle>
    </object>
    <object>
        <name>未戴口罩</name>
        <pose>Unspecified</pose>
        <truncated>0</truncated>
        <difficult>0</difficult>
        <occluded>0</occluded>
        <circle>
            <cx>231</cx>
            <cy>95</cy>
            <r>15</r>
        </circle>
    </object>
    <object>
        <name>未戴口罩</name>
        <pose>Unspecified</pose>
        <truncated>0</truncated>
        <difficult>0</difficult>
        <occluded>0</occluded>
        <circle>
            <cx>253</cx>
            <cy>88</cy>
            <r>14</r>
        </circle>
    </object>
</annotation>
