<?xml version="1.0" encoding="UTF-8" standalone="no"?>
<annotation>
    <folder>Images</folder>
    <filename>b151.jpg</filename>
    <source>
        <database>Unknown</database>
    </source>
    <size>
        <width>533</width>
        <height>300</height>
        <depth>3</depth>
    </size>
    <segmented>0</segmented>
    <object>
        <name>未戴口罩</name>
        <pose>Unspecified</pose>
        <truncated>0</truncated>
        <difficult>0</difficult>
        <occluded>0</occluded>
        <circle>
            <cx>317</cx>
            <cy>98</cy>
            <r>97</r>
        </circle>
    </object>
</annotation>
