<?xml version="1.0" encoding="UTF-8" standalone="no"?>
<annotation>
    <folder>Images</folder>
    <filename>d006.jpg</filename>
    <source>
        <database>Unknown</database>
    </source>
    <size>
        <width>330</width>
        <height>220</height>
        <depth>3</depth>
    </size>
    <segmented>0</segmented>
    <object>
        <name>已戴口罩</name>
        <pose>Unspecified</pose>
        <truncated>0</truncated>
        <difficult>0</difficult>
        <occluded>0</occluded>
        <circle>
            <cx>121</cx>
            <cy>70</cy>
            <r>59</r>
        </circle>
    </object>
</annotation>
