<?xml version="1.0" encoding="UTF-8" standalone="no"?>
<annotation>
    <folder>Images</folder>
    <filename>d013.jpg</filename>
    <source>
        <database>Unknown</database>
    </source>
    <size>
        <width>500</width>
        <height>696</height>
        <depth>3</depth>
    </size>
    <segmented>0</segmented>
    <object>
        <name>已戴口罩</name>
        <pose>Unspecified</pose>
        <truncated>0</truncated>
        <difficult>0</difficult>
        <occluded>0</occluded>
        <bndbox>
            <xmin>107</xmin>
            <ymin>70</ymin>
            <xmax>204</xmax>
            <ymax>262</ymax>
        </bndbox>
    </object>
    <object>
        <name>已戴口罩</name>
        <pose>Unspecified</pose>
        <truncated>0</truncated>
        <difficult>0</difficult>
        <occluded>0</occluded>
        <bndbox>
            <xmin>291</xmin>
            <ymin>39</ymin>
            <xmax>423</xmax>
            <ymax>273</ymax>
        </bndbox>
    </object>
</annotation>
