<?xml version="1.0" encoding="UTF-8" standalone="no"?>
<annotation>
    <folder>Images</folder>
    <filename>d037.jpg</filename>
    <source>
        <database>Unknown</database>
    </source>
    <size>
        <width>287</width>
        <height>248</height>
        <depth>3</depth>
    </size>
    <segmented>0</segmented>
    <object>
        <name>已戴口罩</name>
        <pose>Unspecified</pose>
        <truncated>0</truncated>
        <difficult>0</difficult>
        <occluded>0</occluded>
        <bndbox>
            <xmin>36</xmin>
            <ymin>31</ymin>
            <xmax>135</xmax>
            <ymax>187</ymax>
        </bndbox>
    </object>
    <object>
        <name>已戴口罩</name>
        <pose>Unspecified</pose>
        <truncated>0</truncated>
        <difficult>0</difficult>
        <occluded>0</occluded>
        <bndbox>
            <xmin>142</xmin>
            <ymin>21</ymin>
            <xmax>253</xmax>
            <ymax>180</ymax>
        </bndbox>
    </object>
</annotation>
