<?xml version="1.0" encoding="UTF-8" standalone="no"?>
<annotation>
    <folder>Images</folder>
    <filename>d038.jpg</filename>
    <source>
        <database>Unknown</database>
    </source>
    <size>
        <width>491</width>
        <height>364</height>
        <depth>3</depth>
    </size>
    <segmented>0</segmented>
    <object>
        <name>未戴口罩</name>
        <pose>Unspecified</pose>
        <truncated>0</truncated>
        <difficult>0</difficult>
        <occluded>0</occluded>
        <bndbox>
            <xmin>256</xmin>
            <ymin>58</ymin>
            <xmax>343</xmax>
            <ymax>193</ymax>
        </bndbox>
    </object>
    <object>
        <name>未戴口罩</name>
        <pose>Unspecified</pose>
        <truncated>0</truncated>
        <difficult>0</difficult>
        <occluded>0</occluded>
        <bndbox>
            <xmin>1</xmin>
            <ymin>159</ymin>
            <xmax>87</xmax>
            <ymax>290</ymax>
        </bndbox>
    </object>
    <object>
        <name>已戴口罩</name>
        <pose>Unspecified</pose>
        <truncated>0</truncated>
        <difficult>0</difficult>
        <occluded>0</occluded>
        <bndbox>
            <xmin>92</xmin>
            <ymin>21</ymin>
            <xmax>228</xmax>
            <ymax>234</ymax>
        </bndbox>
    </object>
    <object>
        <name>已戴口罩</name>
        <pose>Unspecified</pose>
        <truncated>0</truncated>
        <difficult>0</difficult>
        <occluded>0</occluded>
        <bndbox>
            <xmin>353</xmin>
            <ymin>51</ymin>
            <xmax>450</xmax>
            <ymax>185</ymax>
        </bndbox>
    </object>
</annotation>
