<?xml version="1.0" encoding="UTF-8" standalone="no"?>
<annotation>
    <folder>Images</folder>
    <filename>d041.jpg</filename>
    <source>
        <database>Unknown</database>
    </source>
    <size>
        <width>500</width>
        <height>319</height>
        <depth>3</depth>
    </size>
    <segmented>0</segmented>
    <object>
        <name>已戴口罩</name>
        <pose>Unspecified</pose>
        <truncated>0</truncated>
        <difficult>0</difficult>
        <occluded>0</occluded>
        <bndbox>
            <xmin>83</xmin>
            <ymin>50</ymin>
            <xmax>139</xmax>
            <ymax>116</ymax>
        </bndbox>
    </object>
    <object>
        <name>已戴口罩</name>
        <pose>Unspecified</pose>
        <truncated>0</truncated>
        <difficult>0</difficult>
        <occluded>0</occluded>
        <bndbox>
            <xmin>118</xmin>
            <ymin>87</ymin>
            <xmax>154</xmax>
            <ymax>153</ymax>
        </bndbox>
    </object>
    <object>
        <name>已戴口罩</name>
        <pose>Unspecified</pose>
        <truncated>0</truncated>
        <difficult>0</difficult>
        <occluded>0</occluded>
        <bndbox>
            <xmin>144</xmin>
            <ymin>74</ymin>
            <xmax>206</xmax>
            <ymax>148</ymax>
        </bndbox>
    </object>
</annotation>
