<?xml version="1.0" encoding="UTF-8" standalone="no"?>
<annotation>
    <folder>Images</folder>
    <filename>d046.jpg</filename>
    <source>
        <database>Unknown</database>
    </source>
    <size>
        <width>220</width>
        <height>150</height>
        <depth>3</depth>
    </size>
    <segmented>0</segmented>
    <object>
        <name>已戴口罩</name>
        <pose>Unspecified</pose>
        <truncated>0</truncated>
        <difficult>0</difficult>
        <occluded>0</occluded>
        <bndbox>
            <xmin>65</xmin>
            <ymin>4</ymin>
            <xmax>111</xmax>
            <ymax>71</ymax>
        </bndbox>
    </object>
    <object>
        <name>已戴口罩</name>
        <pose>Unspecified</pose>
        <truncated>0</truncated>
        <difficult>0</difficult>
        <occluded>0</occluded>
        <bndbox>
            <xmin>130</xmin>
            <ymin>34</ymin>
            <xmax>172</xmax>
            <ymax>91</ymax>
        </bndbox>
    </object>
</annotation>
