<?xml version="1.0" encoding="UTF-8" standalone="no"?>
<annotation>
    <folder>Images</folder>
    <filename>d049.jpg</filename>
    <source>
        <database>Unknown</database>
    </source>
    <size>
        <width>200</width>
        <height>200</height>
        <depth>3</depth>
    </size>
    <segmented>0</segmented>
    <object>
        <name>已戴口罩</name>
        <pose>Unspecified</pose>
        <truncated>0</truncated>
        <difficult>0</difficult>
        <occluded>0</occluded>
        <bndbox>
            <xmin>22</xmin>
            <ymin>1</ymin>
            <xmax>113</xmax>
            <ymax>88</ymax>
        </bndbox>
    </object>
    <object>
        <name>已戴口罩</name>
        <pose>Unspecified</pose>
        <truncated>0</truncated>
        <difficult>0</difficult>
        <occluded>0</occluded>
        <bndbox>
            <xmin>62</xmin>
            <ymin>44</ymin>
            <xmax>193</xmax>
            <ymax>193</ymax>
        </bndbox>
    </object>
</annotation>
