<?xml version="1.0" encoding="UTF-8" standalone="no"?>
<annotation>
    <folder>Images</folder>
    <filename>d058.jpg</filename>
    <source>
        <database>Unknown</database>
    </source>
    <size>
        <width>530</width>
        <height>677</height>
        <depth>3</depth>
    </size>
    <segmented>0</segmented>
    <object>
        <name>已戴口罩</name>
        <pose>Unspecified</pose>
        <truncated>0</truncated>
        <difficult>0</difficult>
        <occluded>0</occluded>
        <bndbox>
            <xmin>76</xmin>
            <ymin>25</ymin>
            <xmax>508</xmax>
            <ymax>576</ymax>
        </bndbox>
    </object>
</annotation>
