<?xml version="1.0" encoding="UTF-8" standalone="no"?>
<annotation>
    <folder>Images</folder>
    <filename>d070.jpg</filename>
    <source>
        <database>Unknown</database>
    </source>
    <size>
        <width>418</width>
        <height>300</height>
        <depth>3</depth>
    </size>
    <segmented>0</segmented>
    <object>
        <name>已戴口罩</name>
        <pose>Unspecified</pose>
        <truncated>0</truncated>
        <difficult>0</difficult>
        <occluded>0</occluded>
        <bndbox>
            <xmin>33</xmin>
            <ymin>24</ymin>
            <xmax>182</xmax>
            <ymax>257</ymax>
        </bndbox>
    </object>
    <object>
        <name>已戴口罩</name>
        <pose>Unspecified</pose>
        <truncated>0</truncated>
        <difficult>0</difficult>
        <occluded>0</occluded>
        <bndbox>
            <xmin>167</xmin>
            <ymin>11</ymin>
            <xmax>388</xmax>
            <ymax>277</ymax>
        </bndbox>
    </object>
</annotation>
