<?xml version="1.0" encoding="UTF-8" standalone="no"?>
<annotation>
    <folder>Images</folder>
    <filename>d072.jpg</filename>
    <source>
        <database>Unknown</database>
    </source>
    <size>
        <width>346</width>
        <height>500</height>
        <depth>3</depth>
    </size>
    <segmented>0</segmented>
    <object>
        <name>已戴口罩</name>
        <pose>Unspecified</pose>
        <truncated>0</truncated>
        <difficult>0</difficult>
        <occluded>0</occluded>
        <bndbox>
            <xmin>47</xmin>
            <ymin>116</ymin>
            <xmax>127</xmax>
            <ymax>238</ymax>
        </bndbox>
    </object>
    <object>
        <name>已戴口罩</name>
        <pose>Unspecified</pose>
        <truncated>0</truncated>
        <difficult>0</difficult>
        <occluded>0</occluded>
        <bndbox>
            <xmin>195</xmin>
            <ymin>59</ymin>
            <xmax>277</xmax>
            <ymax>184</ymax>
        </bndbox>
    </object>
</annotation>
