<?xml version="1.0" encoding="UTF-8" standalone="no"?>
<annotation>
    <folder>Images</folder>
    <filename>d073..jpg</filename>
    <source>
        <database>Unknown</database>
    </source>
    <size>
        <width>480</width>
        <height>360</height>
        <depth>3</depth>
    </size>
    <segmented>0</segmented>
    <object>
        <name>已戴口罩</name>
        <pose>Unspecified</pose>
        <truncated>0</truncated>
        <difficult>0</difficult>
        <occluded>0</occluded>
        <bndbox>
            <xmin>98</xmin>
            <ymin>35</ymin>
            <xmax>210</xmax>
            <ymax>197</ymax>
        </bndbox>
    </object>
    <object>
        <name>已戴口罩</name>
        <pose>Unspecified</pose>
        <truncated>0</truncated>
        <difficult>0</difficult>
        <occluded>0</occluded>
        <bndbox>
            <xmin>205</xmin>
            <ymin>57</ymin>
            <xmax>278</xmax>
            <ymax>231</ymax>
        </bndbox>
    </object>
    <object>
        <name>已戴口罩</name>
        <pose>Unspecified</pose>
        <truncated>0</truncated>
        <difficult>0</difficult>
        <occluded>0</occluded>
        <bndbox>
            <xmin>274</xmin>
            <ymin>38</ymin>
            <xmax>362</xmax>
            <ymax>231</ymax>
        </bndbox>
    </object>
</annotation>
