<?xml version="1.0" encoding="UTF-8" standalone="no"?>
<annotation>
    <folder>Images</folder>
    <filename>d084.jpg</filename>
    <source>
        <database>Unknown</database>
    </source>
    <size>
        <width>469</width>
        <height>290</height>
        <depth>3</depth>
    </size>
    <segmented>0</segmented>
    <object>
        <name>已戴口罩</name>
        <pose>Unspecified</pose>
        <truncated>0</truncated>
        <difficult>0</difficult>
        <occluded>0</occluded>
        <bndbox>
            <xmin>188</xmin>
            <ymin>101</ymin>
            <xmax>264</xmax>
            <ymax>198</ymax>
        </bndbox>
    </object>
    <object>
        <name>已戴口罩</name>
        <pose>Unspecified</pose>
        <truncated>0</truncated>
        <difficult>0</difficult>
        <occluded>0</occluded>
        <bndbox>
            <xmin>280</xmin>
            <ymin>121</ymin>
            <xmax>345</xmax>
            <ymax>201</ymax>
        </bndbox>
    </object>
</annotation>
