<?xml version="1.0" encoding="UTF-8" standalone="no"?>
<annotation>
    <folder>Images</folder>
    <filename>d086.jpg</filename>
    <source>
        <database>Unknown</database>
    </source>
    <size>
        <width>404</width>
        <height>339</height>
        <depth>3</depth>
    </size>
    <segmented>0</segmented>
    <object>
        <name>已戴口罩</name>
        <pose>Unspecified</pose>
        <truncated>0</truncated>
        <difficult>0</difficult>
        <occluded>0</occluded>
        <bndbox>
            <xmin>150</xmin>
            <ymin>6</ymin>
            <xmax>245</xmax>
            <ymax>134</ymax>
        </bndbox>
    </object>
</annotation>
