<?xml version="1.0" encoding="UTF-8" standalone="no"?>
<annotation>
    <folder>Images</folder>
    <filename>d096.jpg</filename>
    <source>
        <database>Unknown</database>
    </source>
    <size>
        <width>533</width>
        <height>300</height>
        <depth>3</depth>
    </size>
    <segmented>0</segmented>
    <object>
        <name>已戴口罩</name>
        <pose>Unspecified</pose>
        <truncated>0</truncated>
        <difficult>0</difficult>
        <occluded>0</occluded>
        <bndbox>
            <xmin>84</xmin>
            <ymin>4</ymin>
            <xmax>285</xmax>
            <ymax>271</ymax>
        </bndbox>
    </object>
    <object>
        <name>已戴口罩</name>
        <pose>Unspecified</pose>
        <truncated>0</truncated>
        <difficult>0</difficult>
        <occluded>0</occluded>
        <bndbox>
            <xmin>357</xmin>
            <ymin>1</ymin>
            <xmax>533</xmax>
            <ymax>253</ymax>
        </bndbox>
    </object>
</annotation>
