<?xml version="1.0" encoding="UTF-8" standalone="no"?>
<annotation>
    <folder>Images</folder>
    <filename>d101.jpg</filename>
    <source>
        <database>Unknown</database>
    </source>
    <size>
        <width>440</width>
        <height>634</height>
        <depth>3</depth>
    </size>
    <segmented>0</segmented>
    <object>
        <name>已戴口罩</name>
        <pose>Unspecified</pose>
        <truncated>0</truncated>
        <difficult>0</difficult>
        <occluded>0</occluded>
        <bndbox>
            <xmin>163</xmin>
            <ymin>20</ymin>
            <xmax>289</xmax>
            <ymax>197</ymax>
        </bndbox>
    </object>
</annotation>
