<?xml version="1.0" encoding="UTF-8" standalone="no"?>
<annotation>
    <folder>Images</folder>
    <filename>d105.jpg</filename>
    <source>
        <database>Unknown</database>
    </source>
    <size>
        <width>404</width>
        <height>309</height>
        <depth>3</depth>
    </size>
    <segmented>0</segmented>
    <object>
        <name>已戴口罩</name>
        <pose>Unspecified</pose>
        <truncated>0</truncated>
        <difficult>0</difficult>
        <occluded>0</occluded>
        <bndbox>
            <xmin>155</xmin>
            <ymin>125</ymin>
            <xmax>211</xmax>
            <ymax>186</ymax>
        </bndbox>
    </object>
    <object>
        <name>已戴口罩</name>
        <pose>Unspecified</pose>
        <truncated>0</truncated>
        <difficult>0</difficult>
        <occluded>0</occluded>
        <bndbox>
            <xmin>266</xmin>
            <ymin>102</ymin>
            <xmax>308</xmax>
            <ymax>160</ymax>
        </bndbox>
    </object>
</annotation>
