<?xml version="1.0" encoding="UTF-8" standalone="no"?>
<annotation>
    <folder>Images</folder>
    <filename>d107.jpg</filename>
    <source>
        <database>Unknown</database>
    </source>
    <size>
        <width>500</width>
        <height>335</height>
        <depth>3</depth>
    </size>
    <segmented>0</segmented>
    <object>
        <name>已戴口罩</name>
        <pose>Unspecified</pose>
        <truncated>0</truncated>
        <difficult>0</difficult>
        <occluded>0</occluded>
        <bndbox>
            <xmin>73</xmin>
            <ymin>73</ymin>
            <xmax>130</xmax>
            <ymax>155</ymax>
        </bndbox>
    </object>
    <object>
        <name>已戴口罩</name>
        <pose>Unspecified</pose>
        <truncated>0</truncated>
        <difficult>0</difficult>
        <occluded>0</occluded>
        <bndbox>
            <xmin>180</xmin>
            <ymin>53</ymin>
            <xmax>243</xmax>
            <ymax>133</ymax>
        </bndbox>
    </object>
    <object>
        <name>已戴口罩</name>
        <pose>Unspecified</pose>
        <truncated>0</truncated>
        <difficult>0</difficult>
        <occluded>0</occluded>
        <bndbox>
            <xmin>262</xmin>
            <ymin>36</ymin>
            <xmax>355</xmax>
            <ymax>161</ymax>
        </bndbox>
    </object>
    <object>
        <name>已戴口罩</name>
        <pose>Unspecified</pose>
        <truncated>0</truncated>
        <difficult>0</difficult>
        <occluded>0</occluded>
        <bndbox>
            <xmin>400</xmin>
            <ymin>41</ymin>
            <xmax>499</xmax>
            <ymax>175</ymax>
        </bndbox>
    </object>
</annotation>
