<?xml version="1.0" encoding="UTF-8" standalone="no"?>
<annotation>
    <folder>Images</folder>
    <filename>d111.jpg</filename>
    <source>
        <database>Unknown</database>
    </source>
    <size>
        <width>557</width>
        <height>300</height>
        <depth>3</depth>
    </size>
    <segmented>0</segmented>
    <object>
        <name>已戴口罩</name>
        <pose>Unspecified</pose>
        <truncated>0</truncated>
        <difficult>0</difficult>
        <occluded>0</occluded>
        <bndbox>
            <xmin>53</xmin>
            <ymin>18</ymin>
            <xmax>167</xmax>
            <ymax>160</ymax>
        </bndbox>
    </object>
    <object>
        <name>已戴口罩</name>
        <pose>Unspecified</pose>
        <truncated>0</truncated>
        <difficult>0</difficult>
        <occluded>0</occluded>
        <bndbox>
            <xmin>230</xmin>
            <ymin>18</ymin>
            <xmax>339</xmax>
            <ymax>161</ymax>
        </bndbox>
    </object>
    <object>
        <name>已戴口罩</name>
        <pose>Unspecified</pose>
        <truncated>0</truncated>
        <difficult>0</difficult>
        <occluded>0</occluded>
        <bndbox>
            <xmin>416</xmin>
            <ymin>4</ymin>
            <xmax>516</xmax>
            <ymax>147</ymax>
        </bndbox>
    </object>
</annotation>
