<?xml version="1.0" encoding="UTF-8" standalone="no"?>
<annotation>
    <folder>Images</folder>
    <filename>d112.jpg</filename>
    <source>
        <database>Unknown</database>
    </source>
    <size>
        <width>480</width>
        <height>318</height>
        <depth>3</depth>
    </size>
    <segmented>0</segmented>
    <object>
        <name>已戴口罩</name>
        <pose>Unspecified</pose>
        <truncated>0</truncated>
        <difficult>0</difficult>
        <occluded>0</occluded>
        <bndbox>
            <xmin>7</xmin>
            <ymin>7</ymin>
            <xmax>183</xmax>
            <ymax>222</ymax>
        </bndbox>
    </object>
    <object>
        <name>已戴口罩</name>
        <pose>Unspecified</pose>
        <truncated>0</truncated>
        <difficult>0</difficult>
        <occluded>0</occluded>
        <bndbox>
            <xmin>282</xmin>
            <ymin>29</ymin>
            <xmax>465</xmax>
            <ymax>265</ymax>
        </bndbox>
    </object>
</annotation>
