<?xml version="1.0" encoding="UTF-8" standalone="no"?>
<annotation>
    <folder>Images</folder>
    <filename>d115.jpg</filename>
    <source>
        <database>Unknown</database>
    </source>
    <size>
        <width>400</width>
        <height>273</height>
        <depth>3</depth>
    </size>
    <segmented>0</segmented>
    <object>
        <name>已戴口罩</name>
        <pose>Unspecified</pose>
        <truncated>0</truncated>
        <difficult>0</difficult>
        <occluded>0</occluded>
        <bndbox>
            <xmin>64</xmin>
            <ymin>36</ymin>
            <xmax>97</xmax>
            <ymax>84</ymax>
        </bndbox>
    </object>
    <object>
        <name>已戴口罩</name>
        <pose>Unspecified</pose>
        <truncated>0</truncated>
        <difficult>0</difficult>
        <occluded>0</occluded>
        <bndbox>
            <xmin>194</xmin>
            <ymin>70</ymin>
            <xmax>223</xmax>
            <ymax>113</ymax>
        </bndbox>
    </object>
    <object>
        <name>已戴口罩</name>
        <pose>Unspecified</pose>
        <truncated>0</truncated>
        <difficult>0</difficult>
        <occluded>0</occluded>
        <bndbox>
            <xmin>333</xmin>
            <ymin>68</ymin>
            <xmax>381</xmax>
            <ymax>114</ymax>
        </bndbox>
    </object>
</annotation>
