<?xml version="1.0" encoding="UTF-8" standalone="no"?>
<annotation>
    <folder>Images</folder>
    <filename>d120.jpg</filename>
    <source>
        <database>Unknown</database>
    </source>
    <size>
        <width>554</width>
        <height>300</height>
        <depth>3</depth>
    </size>
    <segmented>0</segmented>
    <object>
        <name>已戴口罩</name>
        <pose>Unspecified</pose>
        <truncated>0</truncated>
        <difficult>0</difficult>
        <occluded>0</occluded>
        <bndbox>
            <xmin>407</xmin>
            <ymin>90</ymin>
            <xmax>465</xmax>
            <ymax>174</ymax>
        </bndbox>
    </object>
    <object>
        <name>已戴口罩</name>
        <pose>Unspecified</pose>
        <truncated>0</truncated>
        <difficult>0</difficult>
        <occluded>0</occluded>
        <bndbox>
            <xmin>408</xmin>
            <ymin>16</ymin>
            <xmax>460</xmax>
            <ymax>109</ymax>
        </bndbox>
    </object>
    <object>
        <name>已戴口罩</name>
        <pose>Unspecified</pose>
        <truncated>0</truncated>
        <difficult>0</difficult>
        <occluded>0</occluded>
        <bndbox>
            <xmin>465</xmin>
            <ymin>28</ymin>
            <xmax>524</xmax>
            <ymax>117</ymax>
        </bndbox>
    </object>
    <object>
        <name>已戴口罩</name>
        <pose>Unspecified</pose>
        <truncated>0</truncated>
        <difficult>0</difficult>
        <occluded>0</occluded>
        <bndbox>
            <xmin>507</xmin>
            <ymin>57</ymin>
            <xmax>554</xmax>
            <ymax>132</ymax>
        </bndbox>
    </object>
    <object>
        <name>已戴口罩</name>
        <pose>Unspecified</pose>
        <truncated>0</truncated>
        <difficult>0</difficult>
        <occluded>0</occluded>
        <bndbox>
            <xmin>507</xmin>
            <ymin>4</ymin>
            <xmax>554</xmax>
            <ymax>37</ymax>
        </bndbox>
    </object>
    <object>
        <name>已戴口罩</name>
        <pose>Unspecified</pose>
        <truncated>0</truncated>
        <difficult>0</difficult>
        <occluded>0</occluded>
        <bndbox>
            <xmin>456</xmin>
            <ymin>118</ymin>
            <xmax>520</xmax>
            <ymax>203</ymax>
        </bndbox>
    </object>
    <object>
        <name>已戴口罩</name>
        <pose>Unspecified</pose>
        <truncated>0</truncated>
        <difficult>0</difficult>
        <occluded>0</occluded>
        <bndbox>
            <xmin>525</xmin>
            <ymin>117</ymin>
            <xmax>554</xmax>
            <ymax>229</ymax>
        </bndbox>
    </object>
    <object>
        <name>已戴口罩</name>
        <pose>Unspecified</pose>
        <truncated>0</truncated>
        <difficult>0</difficult>
        <occluded>0</occluded>
        <bndbox>
            <xmin>289</xmin>
            <ymin>46</ymin>
            <xmax>337</xmax>
            <ymax>129</ymax>
        </bndbox>
    </object>
    <object>
        <name>已戴口罩</name>
        <pose>Unspecified</pose>
        <truncated>0</truncated>
        <difficult>0</difficult>
        <occluded>0</occluded>
        <bndbox>
            <xmin>313</xmin>
            <ymin>100</ymin>
            <xmax>366</xmax>
            <ymax>193</ymax>
        </bndbox>
    </object>
    <object>
        <name>已戴口罩</name>
        <pose>Unspecified</pose>
        <truncated>0</truncated>
        <difficult>0</difficult>
        <occluded>0</occluded>
        <bndbox>
            <xmin>318</xmin>
            <ymin>7</ymin>
            <xmax>366</xmax>
            <ymax>86</ymax>
        </bndbox>
    </object>
    <object>
        <name>已戴口罩</name>
        <pose>Unspecified</pose>
        <truncated>0</truncated>
        <difficult>0</difficult>
        <occluded>0</occluded>
        <bndbox>
            <xmin>360</xmin>
            <ymin>46</ymin>
            <xmax>408</xmax>
            <ymax>126</ymax>
        </bndbox>
    </object>
    <object>
        <name>已戴口罩</name>
        <pose>Unspecified</pose>
        <truncated>0</truncated>
        <difficult>0</difficult>
        <occluded>0</occluded>
        <bndbox>
            <xmin>365</xmin>
            <ymin>127</ymin>
            <xmax>420</xmax>
            <ymax>225</ymax>
        </bndbox>
    </object>
    <object>
        <name>已戴口罩</name>
        <pose>Unspecified</pose>
        <truncated>0</truncated>
        <difficult>0</difficult>
        <occluded>0</occluded>
        <bndbox>
            <xmin>188</xmin>
            <ymin>1</ymin>
            <xmax>240</xmax>
            <ymax>55</ymax>
        </bndbox>
    </object>
    <object>
        <name>已戴口罩</name>
        <pose>Unspecified</pose>
        <truncated>0</truncated>
        <difficult>0</difficult>
        <occluded>0</occluded>
        <bndbox>
            <xmin>190</xmin>
            <ymin>76</ymin>
            <xmax>240</xmax>
            <ymax>151</ymax>
        </bndbox>
    </object>
    <object>
        <name>已戴口罩</name>
        <pose>Unspecified</pose>
        <truncated>0</truncated>
        <difficult>0</difficult>
        <occluded>0</occluded>
        <bndbox>
            <xmin>232</xmin>
            <ymin>59</ymin>
            <xmax>283</xmax>
            <ymax>136</ymax>
        </bndbox>
    </object>
    <object>
        <name>已戴口罩</name>
        <pose>Unspecified</pose>
        <truncated>0</truncated>
        <difficult>0</difficult>
        <occluded>0</occluded>
        <bndbox>
            <xmin>234</xmin>
            <ymin>1</ymin>
            <xmax>282</xmax>
            <ymax>38</ymax>
        </bndbox>
    </object>
    <object>
        <name>已戴口罩</name>
        <pose>Unspecified</pose>
        <truncated>0</truncated>
        <difficult>0</difficult>
        <occluded>0</occluded>
        <bndbox>
            <xmin>240</xmin>
            <ymin>127</ymin>
            <xmax>308</xmax>
            <ymax>233</ymax>
        </bndbox>
    </object>
    <object>
        <name>已戴口罩</name>
        <pose>Unspecified</pose>
        <truncated>0</truncated>
        <difficult>0</difficult>
        <occluded>0</occluded>
        <bndbox>
            <xmin>6</xmin>
            <ymin>61</ymin>
            <xmax>68</xmax>
            <ymax>148</ymax>
        </bndbox>
    </object>
    <object>
        <name>已戴口罩</name>
        <pose>Unspecified</pose>
        <truncated>0</truncated>
        <difficult>0</difficult>
        <occluded>0</occluded>
        <bndbox>
            <xmin>10</xmin>
            <ymin>1</ymin>
            <xmax>63</xmax>
            <ymax>45</ymax>
        </bndbox>
    </object>
    <object>
        <name>已戴口罩</name>
        <pose>Unspecified</pose>
        <truncated>0</truncated>
        <difficult>0</difficult>
        <occluded>0</occluded>
        <bndbox>
            <xmin>74</xmin>
            <ymin>45</ymin>
            <xmax>123</xmax>
            <ymax>121</ymax>
        </bndbox>
    </object>
    <object>
        <name>已戴口罩</name>
        <pose>Unspecified</pose>
        <truncated>0</truncated>
        <difficult>0</difficult>
        <occluded>0</occluded>
        <bndbox>
            <xmin>97</xmin>
            <ymin>14</ymin>
            <xmax>150</xmax>
            <ymax>88</ymax>
        </bndbox>
    </object>
    <object>
        <name>已戴口罩</name>
        <pose>Unspecified</pose>
        <truncated>0</truncated>
        <difficult>0</difficult>
        <occluded>0</occluded>
        <bndbox>
            <xmin>138</xmin>
            <ymin>59</ymin>
            <xmax>194</xmax>
            <ymax>132</ymax>
        </bndbox>
    </object>
    <object>
        <name>已戴口罩</name>
        <pose>Unspecified</pose>
        <truncated>0</truncated>
        <difficult>0</difficult>
        <occluded>0</occluded>
        <bndbox>
            <xmin>32</xmin>
            <ymin>120</ymin>
            <xmax>87</xmax>
            <ymax>214</ymax>
        </bndbox>
    </object>
    <object>
        <name>已戴口罩</name>
        <pose>Unspecified</pose>
        <truncated>0</truncated>
        <difficult>0</difficult>
        <occluded>0</occluded>
        <bndbox>
            <xmin>96</xmin>
            <ymin>118</ymin>
            <xmax>147</xmax>
            <ymax>201</ymax>
        </bndbox>
    </object>
    <object>
        <name>已戴口罩</name>
        <pose>Unspecified</pose>
        <truncated>0</truncated>
        <difficult>0</difficult>
        <occluded>0</occluded>
        <bndbox>
            <xmin>156</xmin>
            <ymin>127</ymin>
            <xmax>208</xmax>
            <ymax>223</ymax>
        </bndbox>
    </object>
</annotation>
