<?xml version="1.0" encoding="UTF-8" standalone="no"?>
<annotation>
    <folder>Images</folder>
    <filename>d129.jpg</filename>
    <source>
        <database>Unknown</database>
    </source>
    <size>
        <width>300</width>
        <height>199</height>
        <depth>3</depth>
    </size>
    <segmented>0</segmented>
    <object>
        <name>已戴口罩</name>
        <pose>Unspecified</pose>
        <truncated>0</truncated>
        <difficult>0</difficult>
        <occluded>0</occluded>
        <bndbox>
            <xmin>47</xmin>
            <ymin>101</ymin>
            <xmax>99</xmax>
            <ymax>166</ymax>
        </bndbox>
    </object>
    <object>
        <name>已戴口罩</name>
        <pose>Unspecified</pose>
        <truncated>0</truncated>
        <difficult>0</difficult>
        <occluded>0</occluded>
        <bndbox>
            <xmin>121</xmin>
            <ymin>86</ymin>
            <xmax>178</xmax>
            <ymax>151</ymax>
        </bndbox>
    </object>
    <object>
        <name>已戴口罩</name>
        <pose>Unspecified</pose>
        <truncated>0</truncated>
        <difficult>0</difficult>
        <occluded>0</occluded>
        <bndbox>
            <xmin>237</xmin>
            <ymin>93</ymin>
            <xmax>281</xmax>
            <ymax>154</ymax>
        </bndbox>
    </object>
</annotation>
