<?xml version="1.0" encoding="UTF-8" standalone="no"?>
<annotation>
    <folder>Images</folder>
    <filename>d130.jpg</filename>
    <source>
        <database>Unknown</database>
    </source>
    <size>
        <width>340</width>
        <height>255</height>
        <depth>3</depth>
    </size>
    <segmented>0</segmented>
    <object>
        <name>已戴口罩</name>
        <pose>Unspecified</pose>
        <truncated>0</truncated>
        <difficult>0</difficult>
        <occluded>0</occluded>
        <bndbox>
            <xmin>63</xmin>
            <ymin>2</ymin>
            <xmax>140</xmax>
            <ymax>143</ymax>
        </bndbox>
    </object>
    <object>
        <name>已戴口罩</name>
        <pose>Unspecified</pose>
        <truncated>0</truncated>
        <difficult>0</difficult>
        <occluded>0</occluded>
        <bndbox>
            <xmin>237</xmin>
            <ymin>38</ymin>
            <xmax>316</xmax>
            <ymax>153</ymax>
        </bndbox>
    </object>
</annotation>
