<?xml version="1.0" encoding="UTF-8" standalone="no"?>
<annotation>
    <folder>Images</folder>
    <filename>d131.jpg</filename>
    <source>
        <database>Unknown</database>
    </source>
    <size>
        <width>400</width>
        <height>273</height>
        <depth>3</depth>
    </size>
    <segmented>0</segmented>
    <object>
        <name>已戴口罩</name>
        <pose>Unspecified</pose>
        <truncated>0</truncated>
        <difficult>0</difficult>
        <occluded>0</occluded>
        <circle>
            <cx>79</cx>
            <cy>63</cy>
            <r>24</r>
        </circle>
    </object>
    <object>
        <name>已戴口罩</name>
        <pose>Unspecified</pose>
        <truncated>0</truncated>
        <difficult>0</difficult>
        <occluded>0</occluded>
        <circle>
            <cx>209</cx>
            <cy>98</cy>
            <r>24</r>
        </circle>
    </object>
    <object>
        <name>已戴口罩</name>
        <pose>Unspecified</pose>
        <truncated>0</truncated>
        <difficult>0</difficult>
        <occluded>0</occluded>
        <circle>
            <cx>352</cx>
            <cy>99</cy>
            <r>33</r>
        </circle>
    </object>
</annotation>
