<?xml version="1.0" encoding="UTF-8" standalone="no"?>
<annotation>
    <folder>Images</folder>
    <filename>d135.jpg</filename>
    <source>
        <database>Unknown</database>
    </source>
    <size>
        <width>200</width>
        <height>200</height>
        <depth>3</depth>
    </size>
    <segmented>0</segmented>
    <object>
        <name>已戴口罩</name>
        <pose>Unspecified</pose>
        <truncated>0</truncated>
        <difficult>0</difficult>
        <occluded>0</occluded>
        <bndbox>
            <xmin>2</xmin>
            <ymin>4</ymin>
            <xmax>197</xmax>
            <ymax>187</ymax>
        </bndbox>
    </object>
</annotation>
