<?xml version="1.0" encoding="UTF-8" standalone="no"?>
<annotation>
    <folder>Images</folder>
    <filename>d140.jpg</filename>
    <source>
        <database>Unknown</database>
    </source>
    <size>
        <width>490</width>
        <height>344</height>
        <depth>3</depth>
    </size>
    <segmented>0</segmented>
    <object>
        <name>已戴口罩</name>
        <pose>Unspecified</pose>
        <truncated>0</truncated>
        <difficult>0</difficult>
        <occluded>0</occluded>
        <bndbox>
            <xmin>124</xmin>
            <ymin>60</ymin>
            <xmax>219</xmax>
            <ymax>170</ymax>
        </bndbox>
    </object>
    <object>
        <name>已戴口罩</name>
        <pose>Unspecified</pose>
        <truncated>0</truncated>
        <difficult>0</difficult>
        <occluded>0</occluded>
        <bndbox>
            <xmin>270</xmin>
            <ymin>25</ymin>
            <xmax>375</xmax>
            <ymax>142</ymax>
        </bndbox>
    </object>
</annotation>
