<?xml version="1.0" encoding="UTF-8" standalone="no"?>
<annotation>
    <folder>Images</folder>
    <filename>d141.jpg</filename>
    <source>
        <database>Unknown</database>
    </source>
    <size>
        <width>300</width>
        <height>221</height>
        <depth>3</depth>
    </size>
    <segmented>0</segmented>
    <object>
        <name>已戴口罩</name>
        <pose>Unspecified</pose>
        <truncated>0</truncated>
        <difficult>0</difficult>
        <occluded>0</occluded>
        <bndbox>
            <xmin>28</xmin>
            <ymin>42</ymin>
            <xmax>88</xmax>
            <ymax>97</ymax>
        </bndbox>
    </object>
    <object>
        <name>已戴口罩</name>
        <pose>Unspecified</pose>
        <truncated>0</truncated>
        <difficult>0</difficult>
        <occluded>0</occluded>
        <bndbox>
            <xmin>155</xmin>
            <ymin>27</ymin>
            <xmax>199</xmax>
            <ymax>86</ymax>
        </bndbox>
    </object>
    <object>
        <name>已戴口罩</name>
        <pose>Unspecified</pose>
        <truncated>0</truncated>
        <difficult>0</difficult>
        <occluded>0</occluded>
        <bndbox>
            <xmin>201</xmin>
            <ymin>29</ymin>
            <xmax>250</xmax>
            <ymax>102</ymax>
        </bndbox>
    </object>
</annotation>
