<?xml version="1.0" encoding="UTF-8" standalone="no"?>
<annotation>
    <folder>Images</folder>
    <filename>d148.jpg</filename>
    <source>
        <database>Unknown</database>
    </source>
    <size>
        <width>480</width>
        <height>360</height>
        <depth>3</depth>
    </size>
    <segmented>0</segmented>
    <object>
        <name>已戴口罩</name>
        <pose>Unspecified</pose>
        <truncated>0</truncated>
        <difficult>0</difficult>
        <occluded>0</occluded>
        <bndbox>
            <xmin>11</xmin>
            <ymin>17</ymin>
            <xmax>233</xmax>
            <ymax>326</ymax>
        </bndbox>
    </object>
    <object>
        <name>已戴口罩</name>
        <pose>Unspecified</pose>
        <truncated>0</truncated>
        <difficult>0</difficult>
        <occluded>0</occluded>
        <bndbox>
            <xmin>249</xmin>
            <ymin>11</ymin>
            <xmax>477</xmax>
            <ymax>356</ymax>
        </bndbox>
    </object>
</annotation>
