<?xml version="1.0" encoding="UTF-8" standalone="no"?>
<annotation>
    <folder>Images</folder>
    <filename>d155.jpg</filename>
    <source>
        <database>Unknown</database>
    </source>
    <size>
        <width>499</width>
        <height>332</height>
        <depth>3</depth>
    </size>
    <segmented>0</segmented>
    <object>
        <name>未戴口罩</name>
        <pose>Unspecified</pose>
        <truncated>0</truncated>
        <difficult>0</difficult>
        <occluded>0</occluded>
        <bndbox>
            <xmin>410</xmin>
            <ymin>31</ymin>
            <xmax>478</xmax>
            <ymax>160</ymax>
        </bndbox>
    </object>
    <object>
        <name>已戴口罩</name>
        <pose>Unspecified</pose>
        <truncated>0</truncated>
        <difficult>0</difficult>
        <occluded>0</occluded>
        <bndbox>
            <xmin>23</xmin>
            <ymin>19</ymin>
            <xmax>87</xmax>
            <ymax>102</ymax>
        </bndbox>
    </object>
    <object>
        <name>已戴口罩</name>
        <pose>Unspecified</pose>
        <truncated>0</truncated>
        <difficult>0</difficult>
        <occluded>0</occluded>
        <bndbox>
            <xmin>114</xmin>
            <ymin>9</ymin>
            <xmax>180</xmax>
            <ymax>96</ymax>
        </bndbox>
    </object>
    <object>
        <name>已戴口罩</name>
        <pose>Unspecified</pose>
        <truncated>0</truncated>
        <difficult>0</difficult>
        <occluded>0</occluded>
        <bndbox>
            <xmin>176</xmin>
            <ymin>10</ymin>
            <xmax>226</xmax>
            <ymax>89</ymax>
        </bndbox>
    </object>
    <object>
        <name>已戴口罩</name>
        <pose>Unspecified</pose>
        <truncated>0</truncated>
        <difficult>0</difficult>
        <occluded>0</occluded>
        <bndbox>
            <xmin>231</xmin>
            <ymin>19</ymin>
            <xmax>289</xmax>
            <ymax>104</ymax>
        </bndbox>
    </object>
    <object>
        <name>已戴口罩</name>
        <pose>Unspecified</pose>
        <truncated>0</truncated>
        <difficult>0</difficult>
        <occluded>0</occluded>
        <bndbox>
            <xmin>297</xmin>
            <ymin>14</ymin>
            <xmax>355</xmax>
            <ymax>89</ymax>
        </bndbox>
    </object>
</annotation>
