<?xml version="1.0" encoding="UTF-8" standalone="no"?>
<annotation>
    <folder>Images</folder>
    <filename>d156.jpg</filename>
    <source>
        <database>Unknown</database>
    </source>
    <size>
        <width>410</width>
        <height>273</height>
        <depth>3</depth>
    </size>
    <segmented>0</segmented>
    <object>
        <name>已戴口罩</name>
        <pose>Unspecified</pose>
        <truncated>0</truncated>
        <difficult>0</difficult>
        <occluded>0</occluded>
        <bndbox>
            <xmin>26</xmin>
            <ymin>100</ymin>
            <xmax>121</xmax>
            <ymax>199</ymax>
        </bndbox>
    </object>
    <object>
        <name>已戴口罩</name>
        <pose>Unspecified</pose>
        <truncated>0</truncated>
        <difficult>0</difficult>
        <occluded>0</occluded>
        <bndbox>
            <xmin>169</xmin>
            <ymin>110</ymin>
            <xmax>245</xmax>
            <ymax>222</ymax>
        </bndbox>
    </object>
</annotation>
