<?xml version="1.0" encoding="UTF-8" standalone="no"?>
<annotation>
    <folder>Images</folder>
    <filename>dd002.jpg</filename>
    <source>
        <database>Unknown</database>
    </source>
    <size>
        <width>500</width>
        <height>333</height>
        <depth>3</depth>
    </size>
    <segmented>0</segmented>
    <object>
        <name>晕倒及紧急情况</name>
        <pose>Unspecified</pose>
        <truncated>0</truncated>
        <difficult>0</difficult>
        <occluded>0</occluded>
        <polygon>
            <x1>344</x1>
            <y1>60</y1>
            <x2>339</x2>
            <y2>93</y2>
            <x3>314</x3>
            <y3>111</y3>
            <x4>57</x4>
            <y4>134</y4>
            <x5>24</x5>
            <y5>149</y5>
            <x6>24</x6>
            <y6>163</y6>
            <x7>98</x7>
            <y7>156</y7>
            <x8>98</x8>
            <y8>170</y8>
            <x9>54</x9>
            <y9>178</y9>
            <x10>48</x10>
            <y10>169</y10>
            <x11>39</x11>
            <y11>169</y11>
            <x12>37</x12>
            <y12>182</y12>
            <x13>43</x13>
            <y13>196</y13>
            <x14>153</x14>
            <y14>198</y14>
            <x15>187</x15>
            <y15>180</y15>
            <x16>243</x16>
            <y16>177</y16>
            <x17>324</x17>
            <y17>182</y17>
            <x18>366</x18>
            <y18>182</y18>
            <x19>412</x19>
            <y19>189</y19>
            <x20>451</x20>
            <y20>199</y20>
            <x21>463</x21>
            <y21>189</y21>
            <x22>454</x22>
            <y22>165</y22>
            <x23>406</x23>
            <y23>164</y23>
            <x24>371</x24>
            <y24>161</y24>
            <x25>332</x25>
            <y25>146</y25>
            <x26>306</x26>
            <y26>146</y26>
            <x27>310</x27>
            <y27>135</y27>
            <x28>342</x28>
            <y28>132</y28>
            <x29>359</x29>
            <y29>119</y29>
            <x30>371</x30>
            <y30>114</y30>
            <x31>382</x31>
            <y31>114</y31>
            <x32>380</x32>
            <y32>97</y32>
            <x33>369</x33>
            <y33>93</y33>
            <x34>359</x34>
            <y34>78</y34>
            <x35>337</x35>
            <y35>58</y35>
            <x36>344</x36>
            <y36>60</y36>
        </polygon>
    </object>
</annotation>
