<?xml version="1.0" encoding="UTF-8" standalone="no"?>
<annotation>
    <folder>Images</folder>
    <filename>dd001.jpg</filename>
    <source>
        <database>Unknown</database>
    </source>
    <size>
        <width>450</width>
        <height>289</height>
        <depth>3</depth>
    </size>
    <segmented>0</segmented>
    <object>
        <name>晕倒及紧急情况</name>
        <pose>Unspecified</pose>
        <truncated>0</truncated>
        <difficult>0</difficult>
        <occluded>0</occluded>
        <polygon>
            <x1>166</x1>
            <y1>109</y1>
            <x2>177</x2>
            <y2>156</y2>
            <x3>153</x3>
            <y3>169</y3>
            <x4>116</x4>
            <y4>169</y4>
            <x5>105</x5>
            <y5>197</y5>
            <x6>115</x6>
            <y6>202</y6>
            <x7>131</x7>
            <y7>192</y7>
            <x8>127</x8>
            <y8>198</y8>
            <x9>145</x9>
            <y9>215</y9>
            <x10>153</x10>
            <y10>214</y10>
            <x11>153</x11>
            <y11>207</y11>
            <x12>151</x12>
            <y12>198</y12>
            <x13>193</x13>
            <y13>182</y13>
            <x14>206</x14>
            <y14>180</y14>
            <x15>211</x15>
            <y15>158</y15>
            <x16>237</x16>
            <y16>160</y16>
            <x17>226</x17>
            <y17>171</y17>
            <x18>273</x18>
            <y18>177</y18>
            <x19>285</x19>
            <y19>187</y19>
            <x20>305</x20>
            <y20>182</y20>
            <x21>295</x21>
            <y21>167</y21>
            <x22>308</x22>
            <y22>165</y22>
            <x23>308</x23>
            <y23>148</y23>
            <x24>296</x24>
            <y24>136</y24>
            <x25>286</x25>
            <y25>114</y25>
            <x26>275</x26>
            <y26>104</y26>
            <x27>225</x27>
            <y27>102</y27>
            <x28>166</x28>
            <y28>109</y28>
        </polygon>
    </object>
</annotation>
