<?xml version="1.0" encoding="UTF-8" standalone="no"?>
<annotation>
    <folder>Images</folder>
    <filename>dd005.jpg</filename>
    <source>
        <database>Unknown</database>
    </source>
    <size>
        <width>450</width>
        <height>300</height>
        <depth>3</depth>
    </size>
    <segmented>0</segmented>
    <object>
        <name>晕倒及紧急情况</name>
        <pose>Unspecified</pose>
        <truncated>0</truncated>
        <difficult>0</difficult>
        <occluded>0</occluded>
        <polygon>
            <x1>35</x1>
            <y1>37</y1>
            <x2>22</x2>
            <y2>52</y2>
            <x3>20</x3>
            <y3>67</y3>
            <x4>45</x4>
            <y4>95</y4>
            <x5>30</x5>
            <y5>130</y5>
            <x6>46</x6>
            <y6>136</y6>
            <x7>76</x7>
            <y7>135</y7>
            <x8>89</x8>
            <y8>151</y8>
            <x9>106</x9>
            <y9>136</y9>
            <x10>106</x10>
            <y10>127</y10>
            <x11>166</x11>
            <y11>134</y11>
            <x12>191</x12>
            <y12>121</y12>
            <x13>261</x13>
            <y13>134</y13>
            <x14>280</x14>
            <y14>143</y14>
            <x15>361</x15>
            <y15>130</y15>
            <x16>433</x16>
            <y16>133</y16>
            <x17>439</x17>
            <y17>124</y17>
            <x18>433</x18>
            <y18>111</y18>
            <x19>387</x19>
            <y19>100</y19>
            <x20>366</x20>
            <y20>101</y20>
            <x21>316</x21>
            <y21>91</y21>
            <x22>289</x22>
            <y22>104</y22>
            <x23>250</x23>
            <y23>76</y23>
            <x24>189</x24>
            <y24>36</y24>
            <x25>154</x25>
            <y25>46</y25>
            <x26>99</x26>
            <y26>46</y26>
            <x27>88</x27>
            <y27>59</y27>
            <x28>58</x28>
            <y28>25</y28>
            <x29>35</x29>
            <y29>37</y29>
        </polygon>
    </object>
</annotation>
