<?xml version="1.0" encoding="UTF-8" standalone="no"?>
<annotation>
    <folder>Images</folder>
    <filename>dd009.jpg</filename>
    <source>
        <database>Unknown</database>
    </source>
    <size>
        <width>500</width>
        <height>303</height>
        <depth>3</depth>
    </size>
    <segmented>0</segmented>
    <object>
        <name>晕倒及紧急情况</name>
        <pose>Unspecified</pose>
        <truncated>0</truncated>
        <difficult>0</difficult>
        <occluded>0</occluded>
        <polygon>
            <x1>343</x1>
            <y1>93</y1>
            <x2>329</x2>
            <y2>104</y2>
            <x3>325</x3>
            <y3>121</y3>
            <x4>257</x4>
            <y4>122</y4>
            <x5>177</x5>
            <y5>133</y5>
            <x6>94</x6>
            <y6>143</y6>
            <x7>68</x7>
            <y7>132</y7>
            <x8>59</x8>
            <y8>117</y8>
            <x9>45</x9>
            <y9>117</y9>
            <x10>34</x10>
            <y10>169</y10>
            <x11>91</x11>
            <y11>173</y11>
            <x12>175</x12>
            <y12>167</y12>
            <x13>190</x13>
            <y13>172</y13>
            <x14>134</x14>
            <y14>201</y14>
            <x15>98</x15>
            <y15>199</y15>
            <x16>88</x16>
            <y16>222</y16>
            <x17>121</x17>
            <y17>234</y17>
            <x18>166</x18>
            <y18>219</y18>
            <x19>222</x19>
            <y19>206</y19>
            <x20>269</x20>
            <y20>197</y20>
            <x21>284</x21>
            <y21>188</y21>
            <x22>366</x22>
            <y22>187</y22>
            <x23>442</x23>
            <y23>198</y23>
            <x24>481</x24>
            <y24>192</y24>
            <x25>481</x25>
            <y25>170</y25>
            <x26>460</x26>
            <y26>170</y26>
            <x27>452</x27>
            <y27>179</y27>
            <x28>416</x28>
            <y28>175</y28>
            <x29>409</x29>
            <y29>170</y29>
            <x30>424</x30>
            <y30>167</y30>
            <x31>429</x31>
            <y31>146</y31>
            <x32>424</x32>
            <y32>131</y32>
            <x33>413</x33>
            <y33>119</y33>
            <x34>382</x34>
            <y34>119</y34>
            <x35>379</x35>
            <y35>130</y35>
            <x36>369</x36>
            <y36>131</y36>
            <x37>358</x37>
            <y37>122</y37>
            <x38>348</x38>
            <y38>122</y38>
            <x39>347</x39>
            <y39>113</y39>
            <x40>357</x40>
            <y40>105</y40>
            <x41>357</x41>
            <y41>95</y41>
            <x42>343</x42>
            <y42>93</y42>
        </polygon>
    </object>
</annotation>
