<?xml version="1.0" encoding="UTF-8" standalone="no"?>
<annotation>
    <folder>Images</folder>
    <filename>dd006.jpg</filename>
    <source>
        <database>Unknown</database>
    </source>
    <size>
        <width>500</width>
        <height>333</height>
        <depth>3</depth>
    </size>
    <segmented>0</segmented>
    <object>
        <name>晕倒及紧急情况</name>
        <pose>Unspecified</pose>
        <truncated>0</truncated>
        <difficult>0</difficult>
        <occluded>0</occluded>
        <polygon>
            <x1>477</x1>
            <y1>134</y1>
            <x2>405</x2>
            <y2>56</y2>
            <x3>354</x3>
            <y3>100</y3>
            <x4>270</x4>
            <y4>119</y4>
            <x5>144</x5>
            <y5>113</y5>
            <x6>83</x6>
            <y6>178</y6>
            <x7>21</x7>
            <y7>180</y7>
            <x8>19</x8>
            <y8>209</y8>
            <x9>44</x9>
            <y9>224</y9>
            <x10>77</x10>
            <y10>217</y10>
            <x11>156</x11>
            <y11>155</y11>
            <x12>172</x12>
            <y12>164</y12>
            <x13>175</x13>
            <y13>174</y13>
            <x14>165</x14>
            <y14>191</y14>
            <x15>139</x15>
            <y15>201</y15>
            <x16>126</x16>
            <y16>209</y16>
            <x17>106</x17>
            <y17>214</y17>
            <x18>84</x18>
            <y18>218</y18>
            <x19>66</x19>
            <y19>222</y19>
            <x20>66</x20>
            <y20>254</y20>
            <x21>91</x21>
            <y21>250</y21>
            <x22>144</x22>
            <y22>231</y22>
            <x23>184</x23>
            <y23>210</y23>
            <x24>198</x24>
            <y24>196</y24>
            <x25>228</x25>
            <y25>196</y25>
            <x26>298</x26>
            <y26>189</y26>
            <x27>399</x27>
            <y27>172</y27>
            <x28>409</x28>
            <y28>146</y28>
            <x29>417</x29>
            <y29>159</y29>
            <x30>427</x30>
            <y30>155</y30>
            <x31>435</x31>
            <y31>137</y31>
            <x32>444</x32>
            <y32>144</y32>
            <x33>453</x33>
            <y33>149</y33>
            <x34>477</x34>
            <y34>134</y34>
        </polygon>
    </object>
</annotation>
