<?xml version="1.0" encoding="UTF-8" standalone="no"?>
<annotation>
    <folder>Images</folder>
    <filename>dd007.jpg</filename>
    <source>
        <database>Unknown</database>
    </source>
    <size>
        <width>499</width>
        <height>315</height>
        <depth>3</depth>
    </size>
    <segmented>0</segmented>
    <object>
        <name>晕倒及紧急情况</name>
        <pose>Unspecified</pose>
        <truncated>0</truncated>
        <difficult>0</difficult>
        <occluded>0</occluded>
        <polygon>
            <x1>58</x1>
            <y1>106</y1>
            <x2>11</x2>
            <y2>135</y2>
            <x3>11</x3>
            <y3>166</y3>
            <x4>30</x4>
            <y4>198</y4>
            <x5>70</x5>
            <y5>202</y5>
            <x6>104</x6>
            <y6>167</y6>
            <x7>107</x7>
            <y7>256</y7>
            <x8>101</x8>
            <y8>261</y8>
            <x9>51</x9>
            <y9>275</y9>
            <x10>52</x10>
            <y10>287</y10>
            <x11>82</x11>
            <y11>308</y11>
            <x12>137</x12>
            <y12>293</y12>
            <x13>157</x13>
            <y13>177</y13>
            <x14>235</x14>
            <y14>195</y14>
            <x15>245</x15>
            <y15>290</y15>
            <x16>477</x16>
            <y16>287</y16>
            <x17>484</x17>
            <y17>251</y17>
            <x18>468</x18>
            <y18>226</y18>
            <x19>444</x19>
            <y19>217</y19>
            <x20>331</x20>
            <y20>216</y20>
            <x21>342</x21>
            <y21>124</y21>
            <x22>294</x22>
            <y22>87</y22>
            <x23>155</x23>
            <y23>53</y23>
            <x24>106</x24>
            <y24>43</y24>
            <x25>58</x25>
            <y25>106</y25>
        </polygon>
    </object>
</annotation>
