<?xml version="1.0" encoding="UTF-8" standalone="no"?>
<annotation>
    <folder>Images</folder>
    <filename>dd004.jpg</filename>
    <source>
        <database>Unknown</database>
    </source>
    <size>
        <width>355</width>
        <height>184</height>
        <depth>3</depth>
    </size>
    <segmented>0</segmented>
    <object>
        <name>晕倒及紧急情况</name>
        <pose>Unspecified</pose>
        <truncated>0</truncated>
        <difficult>0</difficult>
        <occluded>0</occluded>
        <polygon>
            <x1>54</x1>
            <y1>44</y1>
            <x2>20</x2>
            <y2>91</y2>
            <x3>36</x3>
            <y3>112</y3>
            <x4>95</x4>
            <y4>107</y4>
            <x5>91</x5>
            <y5>164</y5>
            <x6>101</x6>
            <y6>165</y6>
            <x7>100</x7>
            <y7>174</y7>
            <x8>154</x8>
            <y8>99</y8>
            <x9>220</x9>
            <y9>107</y9>
            <x10>220</x10>
            <y10>93</y10>
            <x11>239</x11>
            <y11>165</y11>
            <x12>260</x12>
            <y12>148</y12>
            <x13>270</x13>
            <y13>156</y13>
            <x14>269</x14>
            <y14>136</y14>
            <x15>273</x15>
            <y15>98</y15>
            <x16>266</x16>
            <y16>89</y16>
            <x17>272</x17>
            <y17>63</y17>
            <x18>275</x18>
            <y18>92</y18>
            <x19>279</x19>
            <y19>83</y19>
            <x20>281</x20>
            <y20>68</y20>
            <x21>276</x21>
            <y21>50</y21>
            <x22>236</x22>
            <y22>18</y22>
            <x23>203</x23>
            <y23>15</y23>
            <x24>157</x24>
            <y24>19</y24>
            <x25>111</x25>
            <y25>38</y25>
            <x26>71</x26>
            <y26>47</y26>
            <x27>54</x27>
            <y27>44</y27>
        </polygon>
    </object>
</annotation>
