<?xml version="1.0" encoding="UTF-8" standalone="no"?>
<annotation>
    <folder>Images</folder>
    <filename>dd008.jpg</filename>
    <source>
        <database>Unknown</database>
    </source>
    <size>
        <width>500</width>
        <height>315</height>
        <depth>3</depth>
    </size>
    <segmented>0</segmented>
    <object>
        <name>晕倒及紧急情况</name>
        <pose>Unspecified</pose>
        <truncated>0</truncated>
        <difficult>0</difficult>
        <occluded>0</occluded>
        <polygon>
            <x1>489</x1>
            <y1>158</y1>
            <x2>460</x2>
            <y2>156</y2>
            <x3>452</x3>
            <y3>165</y3>
            <x4>369</x4>
            <y4>199</y4>
            <x5>362</x5>
            <y5>205</y5>
            <x6>302</x6>
            <y6>162</y6>
            <x7>265</x7>
            <y7>122</y7>
            <x8>228</x8>
            <y8>118</y8>
            <x9>148</x9>
            <y9>111</y9>
            <x10>142</x10>
            <y10>114</y10>
            <x11>117</x11>
            <y11>92</y11>
            <x12>101</x12>
            <y12>91</y12>
            <x13>84</x13>
            <y13>93</y13>
            <x14>75</x14>
            <y14>106</y14>
            <x15>71</x15>
            <y15>132</y15>
            <x16>77</x16>
            <y16>152</y16>
            <x17>85</x17>
            <y17>159</y17>
            <x18>101</x18>
            <y18>160</y18>
            <x19>114</x19>
            <y19>188</y19>
            <x20>105</x20>
            <y20>188</y20>
            <x21>94</x21>
            <y21>193</y21>
            <x22>87</x22>
            <y22>201</y22>
            <x23>85</x23>
            <y23>212</y23>
            <x24>88</x24>
            <y24>218</y24>
            <x25>122</x25>
            <y25>223</y25>
            <x26>135</x26>
            <y26>235</y26>
            <x27>182</x27>
            <y27>230</y27>
            <x28>194</x28>
            <y28>215</y28>
            <x29>211</x29>
            <y29>218</y29>
            <x30>206</x30>
            <y30>229</y30>
            <x31>245</x31>
            <y31>240</y31>
            <x32>356</x32>
            <y32>238</y32>
            <x33>489</x33>
            <y33>158</y33>
        </polygon>
    </object>
</annotation>
