<?xml version="1.0" encoding="UTF-8" standalone="no"?>
<annotation>
    <folder>Images</folder>
    <filename>dd003.jpg</filename>
    <source>
        <database>Unknown</database>
    </source>
    <size>
        <width>500</width>
        <height>375</height>
        <depth>3</depth>
    </size>
    <segmented>0</segmented>
    <object>
        <name>晕倒及紧急情况</name>
        <pose>Unspecified</pose>
        <truncated>0</truncated>
        <difficult>0</difficult>
        <occluded>0</occluded>
        <polygon>
            <x1>322</x1>
            <y1>50</y1>
            <x2>266</x2>
            <y2>50</y2>
            <x3>266</x3>
            <y3>71</y3>
            <x4>229</x4>
            <y4>68</y4>
            <x5>92</x5>
            <y5>162</y5>
            <x6>62</x6>
            <y6>184</y6>
            <x7>62</x7>
            <y7>215</y7>
            <x8>22</x8>
            <y8>254</y8>
            <x9>50</x9>
            <y9>297</y9>
            <x10>115</x10>
            <y10>286</y10>
            <x11>125</x11>
            <y11>293</y11>
            <x12>160</x12>
            <y12>291</y12>
            <x13>177</x13>
            <y13>311</y13>
            <x14>195</x14>
            <y14>372</y14>
            <x15>210</x15>
            <y15>374</y15>
            <x16>229</x16>
            <y16>346</y16>
            <x17>203</x17>
            <y17>293</y17>
            <x18>197</x18>
            <y18>266</y18>
            <x19>176</x19>
            <y19>236</y19>
            <x20>267</x20>
            <y20>188</y20>
            <x21>254</x21>
            <y21>179</y21>
            <x22>267</x22>
            <y22>160</y22>
            <x23>340</x23>
            <y23>172</y23>
            <x24>349</x24>
            <y24>151</y24>
            <x25>349</x25>
            <y25>132</y25>
            <x26>369</x26>
            <y26>109</y26>
            <x27>355</x27>
            <y27>89</y27>
            <x28>345</x28>
            <y28>82</y28>
            <x29>369</x29>
            <y29>59</y29>
            <x30>322</x30>
            <y30>50</y30>
        </polygon>
    </object>
</annotation>
