<?xml version="1.0" encoding="UTF-8" standalone="no"?>
<annotation>
    <folder>Images</folder>
    <filename>dd014.jpg</filename>
    <source>
        <database>Unknown</database>
    </source>
    <size>
        <width>500</width>
        <height>333</height>
        <depth>3</depth>
    </size>
    <segmented>0</segmented>
    <object>
        <name>晕倒及紧急情况</name>
        <pose>Unspecified</pose>
        <truncated>0</truncated>
        <difficult>0</difficult>
        <occluded>0</occluded>
        <polygon>
            <x1>204</x1>
            <y1>145</y1>
            <x2>181</x2>
            <y2>145</y2>
            <x3>170</x3>
            <y3>163</y3>
            <x4>172</x4>
            <y4>180</y4>
            <x5>198</x5>
            <y5>214</y5>
            <x6>242</x6>
            <y6>237</y6>
            <x7>339</x7>
            <y7>240</y7>
            <x8>386</x8>
            <y8>225</y8>
            <x9>460</x9>
            <y9>229</y9>
            <x10>468</x10>
            <y10>214</y10>
            <x11>484</x11>
            <y11>219</y11>
            <x12>491</x12>
            <y12>226</y12>
            <x13>492</x13>
            <y13>213</y13>
            <x14>483</x14>
            <y14>190</y14>
            <x15>464</x15>
            <y15>196</y15>
            <x16>464</x16>
            <y16>184</y16>
            <x17>451</x17>
            <y17>179</y17>
            <x18>437</x18>
            <y18>187</y18>
            <x19>377</x19>
            <y19>178</y19>
            <x20>337</x20>
            <y20>160</y20>
            <x21>294</x21>
            <y21>144</y21>
            <x22>252</x22>
            <y22>141</y22>
            <x23>204</x23>
            <y23>145</y23>
        </polygon>
    </object>
</annotation>
