<?xml version="1.0" encoding="UTF-8" standalone="no"?>
<annotation>
    <folder>Images</folder>
    <filename>dd017.jpg</filename>
    <source>
        <database>Unknown</database>
    </source>
    <size>
        <width>500</width>
        <height>405</height>
        <depth>3</depth>
    </size>
    <segmented>0</segmented>
    <object>
        <name>晕倒及紧急情况</name>
        <pose>Unspecified</pose>
        <truncated>0</truncated>
        <difficult>0</difficult>
        <occluded>0</occluded>
        <polygon>
            <x1>127</x1>
            <y1>286</y1>
            <x2>79</x2>
            <y2>335</y2>
            <x3>57</x3>
            <y3>381</y3>
            <x4>156</x4>
            <y4>404</y4>
            <x5>415</x5>
            <y5>246</y5>
            <x6>434</x6>
            <y6>190</y6>
            <x7>428</x7>
            <y7>169</y7>
            <x8>416</x8>
            <y8>153</y8>
            <x9>364</x9>
            <y9>159</y9>
            <x10>318</x10>
            <y10>177</y10>
            <x11>308</x11>
            <y11>179</y11>
            <x12>281</x12>
            <y12>196</y12>
            <x13>250</x13>
            <y13>209</y13>
            <x14>221</x14>
            <y14>220</y14>
            <x15>204</x15>
            <y15>219</y15>
            <x16>179</x16>
            <y16>241</y16>
            <x17>152</x17>
            <y17>256</y17>
            <x18>146</x18>
            <y18>274</y18>
            <x19>127</x19>
            <y19>286</y19>
        </polygon>
    </object>
</annotation>
