<?xml version="1.0" encoding="UTF-8" standalone="no"?>
<annotation>
    <folder>Images</folder>
    <filename>dd013.jpg</filename>
    <source>
        <database>Unknown</database>
    </source>
    <size>
        <width>230</width>
        <height>284</height>
        <depth>3</depth>
    </size>
    <segmented>0</segmented>
    <object>
        <name>晕倒及紧急情况</name>
        <pose>Unspecified</pose>
        <truncated>0</truncated>
        <difficult>0</difficult>
        <occluded>0</occluded>
        <polygon>
            <x1>154</x1>
            <y1>99</y1>
            <x2>137</x2>
            <y2>101</y2>
            <x3>123</x3>
            <y3>113</y3>
            <x4>120</x4>
            <y4>124</y4>
            <x5>120</x5>
            <y5>133</y5>
            <x6>121</x6>
            <y6>140</y6>
            <x7>108</x7>
            <y7>137</y7>
            <x8>107</x8>
            <y8>131</y8>
            <x9>97</x9>
            <y9>131</y9>
            <x10>84</x10>
            <y10>140</y10>
            <x11>71</x11>
            <y11>150</y11>
            <x12>68</x12>
            <y12>160</y12>
            <x13>53</x13>
            <y13>181</y13>
            <x14>16</x14>
            <y14>229</y14>
            <x15>17</x15>
            <y15>244</y15>
            <x16>0</x16>
            <y16>262</y16>
            <x17>1</x17>
            <y17>282</y17>
            <x18>147</x18>
            <y18>280</y18>
            <x19>167</x19>
            <y19>272</y19>
            <x20>162</x20>
            <y20>249</y20>
            <x21>185</x21>
            <y21>210</y21>
            <x22>185</x22>
            <y22>195</y22>
            <x23>186</x23>
            <y23>183</y23>
            <x24>187</x24>
            <y24>170</y24>
            <x25>180</x25>
            <y25>161</y25>
            <x26>171</x26>
            <y26>155</y26>
            <x27>154</x27>
            <y27>149</y27>
            <x28>151</x28>
            <y28>139</y28>
            <x29>166</x29>
            <y29>135</y29>
            <x30>167</x30>
            <y30>126</y30>
            <x31>167</x31>
            <y31>117</y31>
            <x32>164</x32>
            <y32>109</y32>
            <x33>160</x33>
            <y33>103</y33>
            <x34>154</x34>
            <y34>99</y34>
        </polygon>
    </object>
</annotation>
