<?xml version="1.0" encoding="UTF-8" standalone="no"?>
<annotation>
    <folder>Images</folder>
    <filename>dd012.jpg</filename>
    <source>
        <database>Unknown</database>
    </source>
    <size>
        <width>500</width>
        <height>333</height>
        <depth>3</depth>
    </size>
    <segmented>0</segmented>
    <object>
        <name>晕倒及紧急情况</name>
        <pose>Unspecified</pose>
        <truncated>0</truncated>
        <difficult>0</difficult>
        <occluded>0</occluded>
        <polygon>
            <x1>430</x1>
            <y1>50</y1>
            <x2>452</x2>
            <y2>88</y2>
            <x3>482</x3>
            <y3>99</y3>
            <x4>450</x4>
            <y4>173</y4>
            <x5>444</x5>
            <y5>167</y5>
            <x6>442</x6>
            <y6>214</y6>
            <x7>434</x7>
            <y7>214</y7>
            <x8>430</x8>
            <y8>257</y8>
            <x9>421</x9>
            <y9>264</y9>
            <x10>402</x10>
            <y10>262</y10>
            <x11>389</x11>
            <y11>255</y11>
            <x12>407</x12>
            <y12>239</y12>
            <x13>407</x13>
            <y13>213</y13>
            <x14>379</x14>
            <y14>234</y14>
            <x15>365</x15>
            <y15>249</y15>
            <x16>345</x16>
            <y16>267</y16>
            <x17>227</x17>
            <y17>272</y17>
            <x18>179</x18>
            <y18>208</y18>
            <x19>184</x19>
            <y19>274</y19>
            <x20>111</x20>
            <y20>280</y20>
            <x21>93</x21>
            <y21>264</y21>
            <x22>140</x22>
            <y22>237</y22>
            <x23>147</x23>
            <y23>209</y23>
            <x24>143</x24>
            <y24>165</y24>
            <x25>71</x25>
            <y25>149</y25>
            <x26>53</x26>
            <y26>142</y26>
            <x27>31</x27>
            <y27>155</y27>
            <x28>14</x28>
            <y28>148</y28>
            <x29>9</x29>
            <y29>74</y29>
            <x30>32</x30>
            <y30>74</y30>
            <x31>32</x31>
            <y31>88</y31>
            <x32>83</x32>
            <y32>113</y32>
            <x33>84</x33>
            <y33>120</y33>
            <x34>140</x34>
            <y34>124</y34>
            <x35>143</x35>
            <y35>95</y35>
            <x36>163</x36>
            <y36>93</y36>
            <x37>187</x37>
            <y37>102</y37>
            <x38>228</x38>
            <y38>144</y38>
            <x39>265</x39>
            <y39>190</y39>
            <x40>288</x40>
            <y40>189</y40>
            <x41>321</x41>
            <y41>179</y41>
            <x42>324</x42>
            <y42>163</y42>
            <x43>346</x43>
            <y43>148</y43>
            <x44>347</x44>
            <y44>140</y44>
            <x45>281</x45>
            <y45>119</y45>
            <x46>254</x46>
            <y46>101</y46>
            <x47>239</x47>
            <y47>81</y47>
            <x48>267</x48>
            <y48>72</y48>
            <x49>275</x49>
            <y49>90</y49>
            <x50>314</x50>
            <y50>98</y50>
            <x51>346</x51>
            <y51>114</y51>
            <x52>372</x52>
            <y52>111</y52>
            <x53>376</x53>
            <y53>94</y53>
            <x54>381</x54>
            <y54>74</y54>
            <x55>392</x55>
            <y55>59</y55>
            <x56>430</x56>
            <y56>50</y56>
        </polygon>
    </object>
</annotation>
