<?xml version="1.0" encoding="UTF-8" standalone="no"?>
<annotation>
    <folder>Images</folder>
    <filename>dd010.jpg</filename>
    <source>
        <database>Unknown</database>
    </source>
    <size>
        <width>225</width>
        <height>300</height>
        <depth>3</depth>
    </size>
    <segmented>0</segmented>
    <object>
        <name>晕倒及紧急情况</name>
        <pose>Unspecified</pose>
        <truncated>0</truncated>
        <difficult>0</difficult>
        <occluded>0</occluded>
        <polygon>
            <x1>82</x1>
            <y1>91</y1>
            <x2>66</x2>
            <y2>91</y2>
            <x3>67</x3>
            <y3>118</y3>
            <x4>67</x4>
            <y4>127</y4>
            <x5>54</x5>
            <y5>139</y5>
            <x6>61</x6>
            <y6>152</y6>
            <x7>77</x7>
            <y7>148</y7>
            <x8>79</x8>
            <y8>170</y8>
            <x9>79</x9>
            <y9>197</y9>
            <x10>83</x10>
            <y10>220</y10>
            <x11>81</x11>
            <y11>274</y11>
            <x12>79</x12>
            <y12>283</y12>
            <x13>69</x13>
            <y13>298</y13>
            <x14>111</x14>
            <y14>300</y14>
            <x15>111</x15>
            <y15>282</y15>
            <x16>98</x16>
            <y16>275</y16>
            <x17>106</x17>
            <y17>176</y17>
            <x18>148</x18>
            <y18>266</y18>
            <x19>142</x19>
            <y19>284</y19>
            <x20>188</x20>
            <y20>296</y20>
            <x21>194</x21>
            <y21>271</y21>
            <x22>166</x22>
            <y22>264</y22>
            <x23>128</x23>
            <y23>163</y23>
            <x24>109</x24>
            <y24>128</y24>
            <x25>136</x25>
            <y25>112</y25>
            <x26>134</x26>
            <y26>102</y26>
            <x27>124</x27>
            <y27>112</y27>
            <x28>111</x28>
            <y28>112</y28>
            <x29>95</x29>
            <y29>114</y29>
            <x30>95</x30>
            <y30>101</y30>
            <x31>82</x31>
            <y31>91</y31>
        </polygon>
    </object>
</annotation>
