<?xml version="1.0" encoding="UTF-8" standalone="no"?>
<annotation>
    <folder>Images</folder>
    <filename>dd016.jpg</filename>
    <source>
        <database>Unknown</database>
    </source>
    <size>
        <width>360</width>
        <height>267</height>
        <depth>3</depth>
    </size>
    <segmented>0</segmented>
    <object>
        <name>晕倒及紧急情况</name>
        <pose>Unspecified</pose>
        <truncated>0</truncated>
        <difficult>0</difficult>
        <occluded>0</occluded>
        <polygon>
            <x1>246</x1>
            <y1>81</y1>
            <x2>226</x2>
            <y2>65</y2>
            <x3>213</x3>
            <y3>58</y3>
            <x4>205</x4>
            <y4>58</y4>
            <x5>166</x5>
            <y5>81</y5>
            <x6>137</x6>
            <y6>75</y6>
            <x7>113</x7>
            <y7>85</y7>
            <x8>99</x8>
            <y8>93</y8>
            <x9>94</x9>
            <y9>103</y9>
            <x10>89</x10>
            <y10>115</y10>
            <x11>72</x11>
            <y11>128</y11>
            <x12>71</x12>
            <y12>140</y12>
            <x13>69</x13>
            <y13>158</y13>
            <x14>37</x14>
            <y14>190</y14>
            <x15>38</x15>
            <y15>214</y15>
            <x16>135</x16>
            <y16>242</y16>
            <x17>154</x17>
            <y17>205</y17>
            <x18>150</x18>
            <y18>186</y18>
            <x19>173</x19>
            <y19>204</y19>
            <x20>191</x20>
            <y20>219</y20>
            <x21>214</x21>
            <y21>235</y21>
            <x22>236</x22>
            <y22>220</y22>
            <x23>225</x23>
            <y23>199</y23>
            <x24>218</x24>
            <y24>191</y24>
            <x25>201</x25>
            <y25>158</y25>
            <x26>154</x26>
            <y26>129</y26>
            <x27>158</x27>
            <y27>121</y27>
            <x28>172</x28>
            <y28>125</y28>
            <x29>212</x29>
            <y29>138</y29>
            <x30>246</x30>
            <y30>125</y30>
            <x31>267</x31>
            <y31>114</y31>
            <x32>313</x32>
            <y32>107</y32>
            <x33>318</x33>
            <y33>96</y33>
            <x34>299</x34>
            <y34>85</y34>
            <x35>265</x35>
            <y35>90</y35>
            <x36>217</x36>
            <y36>108</y36>
            <x37>189</x37>
            <y37>94</y37>
            <x38>217</x38>
            <y38>85</y38>
            <x39>241</x39>
            <y39>90</y39>
            <x40>246</x40>
            <y40>81</y40>
        </polygon>
    </object>
</annotation>
