<?xml version="1.0" encoding="UTF-8" standalone="no"?>
<annotation>
    <folder>Images</folder>
    <filename>dd023.jpg</filename>
    <source>
        <database>Unknown</database>
    </source>
    <size>
        <width>500</width>
        <height>360</height>
        <depth>3</depth>
    </size>
    <segmented>0</segmented>
    <object>
        <name>晕倒及紧急情况</name>
        <pose>Unspecified</pose>
        <truncated>0</truncated>
        <difficult>0</difficult>
        <occluded>0</occluded>
        <polygon>
            <x1>372</x1>
            <y1>127</y1>
            <x2>334</x2>
            <y2>125</y2>
            <x3>283</x3>
            <y3>151</y3>
            <x4>205</x4>
            <y4>202</y4>
            <x5>149</x5>
            <y5>269</y5>
            <x6>114</x6>
            <y6>277</y6>
            <x7>126</x7>
            <y7>318</y7>
            <x8>140</x8>
            <y8>302</y8>
            <x9>181</x9>
            <y9>277</y9>
            <x10>198</x10>
            <y10>283</y10>
            <x11>194</x11>
            <y11>304</y11>
            <x12>222</x12>
            <y12>325</y12>
            <x13>341</x13>
            <y13>282</y13>
            <x14>350</x14>
            <y14>273</y14>
            <x15>356</x15>
            <y15>265</y15>
            <x16>388</x16>
            <y16>275</y16>
            <x17>418</x17>
            <y17>278</y17>
            <x18>421</x18>
            <y18>267</y18>
            <x19>419</x19>
            <y19>172</y19>
            <x20>417</x20>
            <y20>142</y20>
            <x21>372</x21>
            <y21>127</y21>
        </polygon>
    </object>
</annotation>
