<?xml version="1.0" encoding="UTF-8" standalone="no"?>
<annotation>
    <folder>Images</folder>
    <filename>dd026.jpg</filename>
    <source>
        <database>Unknown</database>
    </source>
    <size>
        <width>500</width>
        <height>321</height>
        <depth>3</depth>
    </size>
    <segmented>0</segmented>
    <object>
        <name>晕倒及紧急情况</name>
        <pose>Unspecified</pose>
        <truncated>0</truncated>
        <difficult>0</difficult>
        <occluded>0</occluded>
        <polygon>
            <x1>121</x1>
            <y1>172</y1>
            <x2>105</x2>
            <y2>180</y2>
            <x3>103</x3>
            <y3>213</y3>
            <x4>118</x4>
            <y4>232</y4>
            <x5>128</x5>
            <y5>232</y5>
            <x6>124</x6>
            <y6>259</y6>
            <x7>172</x7>
            <y7>271</y7>
            <x8>232</x8>
            <y8>288</y8>
            <x9>255</x9>
            <y9>278</y9>
            <x10>245</x10>
            <y10>264</y10>
            <x11>459</x11>
            <y11>293</y11>
            <x12>462</x12>
            <y12>271</y12>
            <x13>482</x13>
            <y13>280</y13>
            <x14>497</x14>
            <y14>272</y14>
            <x15>492</x15>
            <y15>220</y15>
            <x16>482</x16>
            <y16>202</y16>
            <x17>470</x17>
            <y17>198</y17>
            <x18>466</x18>
            <y18>210</y18>
            <x19>461</x19>
            <y19>232</y19>
            <x20>453</x20>
            <y20>214</y20>
            <x21>446</x21>
            <y21>209</y21>
            <x22>438</x22>
            <y22>218</y22>
            <x23>436</x23>
            <y23>235</y23>
            <x24>295</x24>
            <y24>200</y24>
            <x25>275</x25>
            <y25>196</y25>
            <x26>261</x26>
            <y26>186</y26>
            <x27>251</x27>
            <y27>198</y27>
            <x28>228</x28>
            <y28>200</y28>
            <x29>185</x29>
            <y29>196</y29>
            <x30>160</x30>
            <y30>206</y30>
            <x31>162</x31>
            <y31>193</y31>
            <x32>149</x32>
            <y32>180</y32>
            <x33>121</x33>
            <y33>172</y33>
        </polygon>
    </object>
</annotation>
