<?xml version="1.0" encoding="UTF-8" standalone="no"?>
<annotation>
    <folder>Images</folder>
    <filename>dd029.jpg</filename>
    <source>
        <database>Unknown</database>
    </source>
    <size>
        <width>578</width>
        <height>294</height>
        <depth>3</depth>
    </size>
    <segmented>0</segmented>
    <object>
        <name>晕倒及紧急情况</name>
        <pose>Unspecified</pose>
        <truncated>0</truncated>
        <difficult>0</difficult>
        <occluded>0</occluded>
        <polygon>
            <x1>475</x1>
            <y1>127</y1>
            <x2>408</x2>
            <y2>95</y2>
            <x3>340</x3>
            <y3>83</y3>
            <x4>346</x4>
            <y4>145</y4>
            <x5>273</x5>
            <y5>155</y5>
            <x6>211</x6>
            <y6>113</y6>
            <x7>194</x7>
            <y7>153</y7>
            <x8>125</x8>
            <y8>270</y8>
            <x9>136</x9>
            <y9>285</y9>
            <x10>184</x10>
            <y10>272</y10>
            <x11>195</x11>
            <y11>237</y11>
            <x12>225</x12>
            <y12>182</y12>
            <x13>235</x13>
            <y13>221</y13>
            <x14>247</x14>
            <y14>232</y14>
            <x15>213</x15>
            <y15>256</y15>
            <x16>204</x16>
            <y16>263</y16>
            <x17>186</x17>
            <y17>276</y17>
            <x18>181</x18>
            <y18>286</y18>
            <x19>190</x19>
            <y19>291</y19>
            <x20>216</x20>
            <y20>294</y20>
            <x21>243</x21>
            <y21>283</y21>
            <x22>241</x22>
            <y22>271</y22>
            <x23>261</x23>
            <y23>272</y23>
            <x24>291</x24>
            <y24>251</y24>
            <x25>335</x25>
            <y25>246</y25>
            <x26>382</x26>
            <y26>236</y26>
            <x27>379</x27>
            <y27>225</y27>
            <x28>404</x28>
            <y28>225</y28>
            <x29>422</x29>
            <y29>236</y29>
            <x30>438</x30>
            <y30>244</y30>
            <x31>444</x31>
            <y31>233</y31>
            <x32>473</x32>
            <y32>174</y32>
            <x33>469</x33>
            <y33>166</y33>
            <x34>478</x34>
            <y34>148</y34>
            <x35>475</x35>
            <y35>127</y35>
        </polygon>
    </object>
</annotation>
