<?xml version="1.0" encoding="UTF-8" standalone="no"?>
<annotation>
    <folder>Images</folder>
    <filename>dd027.jpg</filename>
    <source>
        <database>Unknown</database>
    </source>
    <size>
        <width>500</width>
        <height>375</height>
        <depth>3</depth>
    </size>
    <segmented>0</segmented>
    <object>
        <name>晕倒及紧急情况</name>
        <pose>Unspecified</pose>
        <truncated>0</truncated>
        <difficult>0</difficult>
        <occluded>0</occluded>
        <polygon>
            <x1>210</x1>
            <y1>140</y1>
            <x2>184</x2>
            <y2>137</y2>
            <x3>180</x3>
            <y3>184</y3>
            <x4>178</x4>
            <y4>207</y4>
            <x5>180</x5>
            <y5>260</y5>
            <x6>165</x6>
            <y6>299</y6>
            <x7>177</x7>
            <y7>312</y7>
            <x8>202</x8>
            <y8>319</y8>
            <x9>223</x9>
            <y9>299</y9>
            <x10>220</x10>
            <y10>277</y10>
            <x11>230</x11>
            <y11>275</y11>
            <x12>246</x12>
            <y12>279</y12>
            <x13>265</x13>
            <y13>281</y13>
            <x14>289</x14>
            <y14>275</y14>
            <x15>313</x15>
            <y15>301</y15>
            <x16>315</x16>
            <y16>325</y16>
            <x17>336</x17>
            <y17>323</y17>
            <x18>344</x18>
            <y18>309</y18>
            <x19>334</x19>
            <y19>295</y19>
            <x20>298</x20>
            <y20>262</y20>
            <x21>257</x21>
            <y21>256</y21>
            <x22>265</x22>
            <y22>226</y22>
            <x23>253</x23>
            <y23>194</y23>
            <x24>246</x24>
            <y24>162</y24>
            <x25>210</x25>
            <y25>140</y25>
        </polygon>
    </object>
</annotation>
