<?xml version="1.0" encoding="UTF-8" standalone="no"?>
<annotation>
    <folder>Images</folder>
    <filename>dd025.jpg</filename>
    <source>
        <database>Unknown</database>
    </source>
    <size>
        <width>500</width>
        <height>336</height>
        <depth>3</depth>
    </size>
    <segmented>0</segmented>
    <object>
        <name>晕倒及紧急情况</name>
        <pose>Unspecified</pose>
        <truncated>0</truncated>
        <difficult>0</difficult>
        <occluded>0</occluded>
        <polygon>
            <x1>50</x1>
            <y1>87</y1>
            <x2>73</x2>
            <y2>106</y2>
            <x3>85</x3>
            <y3>117</y3>
            <x4>187</x4>
            <y4>122</y4>
            <x5>217</x5>
            <y5>122</y5>
            <x6>258</x6>
            <y6>141</y6>
            <x7>282</x7>
            <y7>129</y7>
            <x8>303</x8>
            <y8>132</y8>
            <x9>320</x9>
            <y9>144</y9>
            <x10>407</x10>
            <y10>152</y10>
            <x11>411</x11>
            <y11>174</y11>
            <x12>407</x12>
            <y12>196</y12>
            <x13>383</x13>
            <y13>196</y13>
            <x14>345</x14>
            <y14>207</y14>
            <x15>313</x15>
            <y15>219</y15>
            <x16>286</x16>
            <y16>234</y16>
            <x17>228</x17>
            <y17>224</y17>
            <x18>212</x18>
            <y18>201</y18>
            <x19>203</x19>
            <y19>172</y19>
            <x20>197</x20>
            <y20>159</y20>
            <x21>196</x21>
            <y21>182</y21>
            <x22>159</x22>
            <y22>186</y22>
            <x23>75</x23>
            <y23>169</y23>
            <x24>54</x24>
            <y24>162</y24>
            <x25>51</x25>
            <y25>145</y25>
            <x26>63</x26>
            <y26>144</y26>
            <x27>78</x27>
            <y27>150</y27>
            <x28>94</x28>
            <y28>157</y28>
            <x29>112</x29>
            <y29>148</y29>
            <x30>90</x30>
            <y30>141</y30>
            <x31>75</x31>
            <y31>140</y31>
            <x32>63</x32>
            <y32>127</y32>
            <x33>48</x33>
            <y33>107</y33>
            <x34>43</x34>
            <y34>90</y34>
            <x35>50</x35>
            <y35>87</y35>
        </polygon>
    </object>
</annotation>
