<?xml version="1.0" encoding="UTF-8" standalone="no"?>
<annotation>
    <folder>Images</folder>
    <filename>dd021.jpg</filename>
    <source>
        <database>Unknown</database>
    </source>
    <size>
        <width>399</width>
        <height>294</height>
        <depth>3</depth>
    </size>
    <segmented>0</segmented>
    <object>
        <name>晕倒及紧急情况</name>
        <pose>Unspecified</pose>
        <truncated>0</truncated>
        <difficult>0</difficult>
        <occluded>0</occluded>
        <polygon>
            <x1>251</x1>
            <y1>125</y1>
            <x2>226</x2>
            <y2>125</y2>
            <x3>216</x3>
            <y3>136</y3>
            <x4>185</x4>
            <y4>136</y4>
            <x5>166</x5>
            <y5>141</y5>
            <x6>147</x6>
            <y6>152</y6>
            <x7>126</x7>
            <y7>172</y7>
            <x8>110</x8>
            <y8>201</y8>
            <x9>91</x9>
            <y9>210</y9>
            <x10>81</x10>
            <y10>212</y10>
            <x11>75</x11>
            <y11>220</y11>
            <x12>78</x12>
            <y12>233</y12>
            <x13>94</x13>
            <y13>245</y13>
            <x14>116</x14>
            <y14>252</y14>
            <x15>144</x15>
            <y15>247</y15>
            <x16>147</x16>
            <y16>239</y16>
            <x17>146</x17>
            <y17>220</y17>
            <x18>165</x18>
            <y18>185</y18>
            <x19>168</x19>
            <y19>177</y19>
            <x20>190</x20>
            <y20>174</y20>
            <x21>185</x21>
            <y21>199</y21>
            <x22>178</x22>
            <y22>219</y22>
            <x23>173</x23>
            <y23>230</y23>
            <x24>161</x24>
            <y24>248</y24>
            <x25>171</x25>
            <y25>261</y25>
            <x26>178</x26>
            <y26>271</y26>
            <x27>200</x27>
            <y27>267</y27>
            <x28>201</x28>
            <y28>252</y28>
            <x29>199</x29>
            <y29>244</y29>
            <x30>205</x30>
            <y30>230</y30>
            <x31>217</x31>
            <y31>227</y31>
            <x32>225</x32>
            <y32>225</y32>
            <x33>225</x33>
            <y33>216</y33>
            <x34>213</x34>
            <y34>212</y34>
            <x35>227</x35>
            <y35>184</y35>
            <x36>236</x36>
            <y36>176</y36>
            <x37>253</x37>
            <y37>179</y37>
            <x38>254</x38>
            <y38>169</y38>
            <x39>262</x39>
            <y39>176</y39>
            <x40>270</x40>
            <y40>186</y40>
            <x41>277</x41>
            <y41>180</y41>
            <x42>282</x42>
            <y42>172</y42>
            <x43>281</x43>
            <y43>158</y43>
            <x44>273</x44>
            <y44>152</y44>
            <x45>265</x45>
            <y45>148</y45>
            <x46>267</x46>
            <y46>136</y46>
            <x47>251</x47>
            <y47>125</y47>
        </polygon>
    </object>
</annotation>
