<?xml version="1.0" encoding="UTF-8" standalone="no"?>
<annotation>
    <folder>Images</folder>
    <filename>dd020.jpg</filename>
    <source>
        <database>Unknown</database>
    </source>
    <size>
        <width>500</width>
        <height>339</height>
        <depth>3</depth>
    </size>
    <segmented>0</segmented>
    <object>
        <name>晕倒及紧急情况</name>
        <pose>Unspecified</pose>
        <truncated>0</truncated>
        <difficult>0</difficult>
        <occluded>0</occluded>
        <polygon>
            <x1>278</x1>
            <y1>204</y1>
            <x2>257</x2>
            <y2>163</y2>
            <x3>216</x3>
            <y3>176</y3>
            <x4>182</x4>
            <y4>211</y4>
            <x5>188</x5>
            <y5>243</y5>
            <x6>218</x6>
            <y6>241</y6>
            <x7>215</x7>
            <y7>267</y7>
            <x8>224</x8>
            <y8>270</y8>
            <x9>219</x9>
            <y9>278</y9>
            <x10>256</x10>
            <y10>306</y10>
            <x11>265</x11>
            <y11>289</y11>
            <x12>261</x12>
            <y12>274</y12>
            <x13>294</x13>
            <y13>243</y13>
            <x14>305</x14>
            <y14>238</y14>
            <x15>296</x15>
            <y15>223</y15>
            <x16>266</x16>
            <y16>217</y16>
            <x17>278</x17>
            <y17>204</y17>
        </polygon>
    </object>
</annotation>
