<?xml version="1.0" encoding="UTF-8" standalone="no"?>
<annotation>
    <folder>Images</folder>
    <filename>dd024.jpg</filename>
    <source>
        <database>Unknown</database>
    </source>
    <size>
        <width>480</width>
        <height>360</height>
        <depth>3</depth>
    </size>
    <segmented>0</segmented>
    <object>
        <name>晕倒及紧急情况</name>
        <pose>Unspecified</pose>
        <truncated>0</truncated>
        <difficult>0</difficult>
        <occluded>0</occluded>
        <polygon>
            <x1>189</x1>
            <y1>177</y1>
            <x2>173</x2>
            <y2>193</y2>
            <x3>171</x3>
            <y3>218</y3>
            <x4>159</x4>
            <y4>215</y4>
            <x5>156</x5>
            <y5>228</y5>
            <x6>170</x6>
            <y6>236</y6>
            <x7>186</x7>
            <y7>231</y7>
            <x8>196</x8>
            <y8>242</y8>
            <x9>214</x9>
            <y9>335</y9>
            <x10>243</x10>
            <y10>345</y10>
            <x11>243</x11>
            <y11>328</y11>
            <x12>228</x12>
            <y12>281</y12>
            <x13>228</x13>
            <y13>249</y13>
            <x14>299</x14>
            <y14>325</y14>
            <x15>332</x15>
            <y15>317</y15>
            <x16>335</x16>
            <y16>298</y16>
            <x17>326</x17>
            <y17>293</y17>
            <x18>309</x18>
            <y18>298</y18>
            <x19>245</x19>
            <y19>237</y19>
            <x20>250</x20>
            <y20>228</y20>
            <x21>247</x21>
            <y21>219</y21>
            <x22>228</x22>
            <y22>212</y22>
            <x23>207</x23>
            <y23>201</y23>
            <x24>209</x24>
            <y24>192</y24>
            <x25>189</x25>
            <y25>177</y25>
        </polygon>
    </object>
</annotation>
