<?xml version="1.0" encoding="UTF-8" standalone="no"?>
<annotation>
    <folder>Images</folder>
    <filename>dd022.jpg</filename>
    <source>
        <database>Unknown</database>
    </source>
    <size>
        <width>440</width>
        <height>241</height>
        <depth>3</depth>
    </size>
    <segmented>0</segmented>
    <object>
        <name>晕倒及紧急情况</name>
        <pose>Unspecified</pose>
        <truncated>0</truncated>
        <difficult>0</difficult>
        <occluded>0</occluded>
        <polygon>
            <x1>135</x1>
            <y1>84</y1>
            <x2>120</x2>
            <y2>83</y2>
            <x3>109</x3>
            <y3>124</y3>
            <x4>114</x4>
            <y4>134</y4>
            <x5>45</x5>
            <y5>138</y5>
            <x6>17</x6>
            <y6>111</y6>
            <x7>0</x7>
            <y7>115</y7>
            <x8>20</x8>
            <y8>170</y8>
            <x9>42</x9>
            <y9>162</y9>
            <x10>125</x10>
            <y10>159</y10>
            <x11>206</x11>
            <y11>173</y11>
            <x12>275</x12>
            <y12>173</y12>
            <x13>315</x13>
            <y13>179</y13>
            <x14>314</x14>
            <y14>193</y14>
            <x15>340</x15>
            <y15>208</y15>
            <x16>365</x16>
            <y16>206</y16>
            <x17>366</x17>
            <y17>197</y17>
            <x18>355</x18>
            <y18>184</y18>
            <x19>342</x19>
            <y19>184</y19>
            <x20>333</x20>
            <y20>179</y20>
            <x21>342</x21>
            <y21>172</y21>
            <x22>435</x22>
            <y22>184</y22>
            <x23>436</x23>
            <y23>167</y23>
            <x24>397</x24>
            <y24>164</y24>
            <x25>399</x25>
            <y25>152</y25>
            <x26>413</x26>
            <y26>150</y26>
            <x27>414</x27>
            <y27>133</y27>
            <x28>354</x28>
            <y28>125</y28>
            <x29>342</x29>
            <y29>136</y29>
            <x30>321</x30>
            <y30>121</y30>
            <x31>282</x31>
            <y31>121</y31>
            <x32>229</x32>
            <y32>119</y32>
            <x33>180</x33>
            <y33>117</y33>
            <x34>168</x34>
            <y34>123</y34>
            <x35>142</x35>
            <y35>115</y35>
            <x36>140</x36>
            <y36>82</y36>
            <x37>135</x37>
            <y37>84</y37>
        </polygon>
    </object>
</annotation>
