<?xml version="1.0" encoding="UTF-8" standalone="no"?>
<annotation>
    <folder>Images</folder>
    <filename>dd028.jpg</filename>
    <source>
        <database>Unknown</database>
    </source>
    <size>
        <width>500</width>
        <height>375</height>
        <depth>3</depth>
    </size>
    <segmented>0</segmented>
    <object>
        <name>晕倒及紧急情况</name>
        <pose>Unspecified</pose>
        <truncated>0</truncated>
        <difficult>0</difficult>
        <occluded>0</occluded>
        <polygon>
            <x1>212</x1>
            <y1>177</y1>
            <x2>197</x2>
            <y2>200</y2>
            <x3>154</x3>
            <y3>222</y3>
            <x4>148</x4>
            <y4>235</y4>
            <x5>190</x5>
            <y5>222</y5>
            <x6>184</x6>
            <y6>235</y6>
            <x7>191</x7>
            <y7>237</y7>
            <x8>152</x8>
            <y8>267</y8>
            <x9>137</x9>
            <y9>279</y9>
            <x10>104</x10>
            <y10>294</y10>
            <x11>109</x11>
            <y11>308</y11>
            <x12>118</x12>
            <y12>312</y12>
            <x13>165</x13>
            <y13>284</y13>
            <x14>194</x14>
            <y14>264</y14>
            <x15>215</x15>
            <y15>241</y15>
            <x16>215</x16>
            <y16>267</y16>
            <x17>230</x17>
            <y17>266</y17>
            <x18>186</x18>
            <y18>294</y18>
            <x19>173</x19>
            <y19>374</y19>
            <x20>240</x20>
            <y20>374</y20>
            <x21>223</x21>
            <y21>353</y21>
            <x22>287</x22>
            <y22>307</y22>
            <x23>302</x23>
            <y23>286</y23>
            <x24>310</x24>
            <y24>276</y24>
            <x25>308</x25>
            <y25>243</y25>
            <x26>293</x26>
            <y26>228</y26>
            <x27>285</x27>
            <y27>220</y27>
            <x28>290</x28>
            <y28>207</y28>
            <x29>272</x29>
            <y29>196</y29>
            <x30>260</x30>
            <y30>194</y30>
            <x31>249</x31>
            <y31>194</y31>
            <x32>242</x32>
            <y32>197</y32>
            <x33>236</x33>
            <y33>186</y33>
            <x34>227</x34>
            <y34>179</y34>
            <x35>212</x35>
            <y35>177</y35>
        </polygon>
    </object>
</annotation>
