<?xml version="1.0" encoding="UTF-8" standalone="no"?>
<annotation>
    <folder>Images</folder>
    <filename>dd036.jpg</filename>
    <source>
        <database>Unknown</database>
    </source>
    <size>
        <width>384</width>
        <height>512</height>
        <depth>3</depth>
    </size>
    <segmented>0</segmented>
    <object>
        <name>晕倒及紧急情况</name>
        <pose>Unspecified</pose>
        <truncated>0</truncated>
        <difficult>0</difficult>
        <occluded>0</occluded>
        <polygon>
            <x1>353</x1>
            <y1>121</y1>
            <x2>283</x2>
            <y2>118</y2>
            <x3>250</x3>
            <y3>145</y3>
            <x4>207</x4>
            <y4>126</y4>
            <x5>122</x5>
            <y5>191</y5>
            <x6>120</x6>
            <y6>203</y6>
            <x7>94</x7>
            <y7>239</y7>
            <x8>66</x8>
            <y8>268</y8>
            <x9>0</x9>
            <y9>357</y9>
            <x10>5</x10>
            <y10>511</y10>
            <x11>33</x11>
            <y11>512</y11>
            <x12>152</x12>
            <y12>383</y12>
            <x13>183</x13>
            <y13>298</y13>
            <x14>219</x14>
            <y14>287</y14>
            <x15>248</x15>
            <y15>262</y15>
            <x16>306</x16>
            <y16>246</y16>
            <x17>314</x17>
            <y17>224</y17>
            <x18>308</x18>
            <y18>193</y18>
            <x19>343</x19>
            <y19>181</y19>
            <x20>354</x20>
            <y20>158</y20>
            <x21>363</x21>
            <y21>144</y21>
            <x22>353</x22>
            <y22>121</y22>
        </polygon>
    </object>
</annotation>
