<?xml version="1.0" encoding="UTF-8" standalone="no"?>
<annotation>
    <folder>Images</folder>
    <filename>dd038.jpg</filename>
    <source>
        <database>Unknown</database>
    </source>
    <size>
        <width>400</width>
        <height>294</height>
        <depth>3</depth>
    </size>
    <segmented>0</segmented>
    <object>
        <name>晕倒及紧急情况</name>
        <pose>Unspecified</pose>
        <truncated>0</truncated>
        <difficult>0</difficult>
        <occluded>0</occluded>
        <polygon>
            <x1>213</x1>
            <y1>108</y1>
            <x2>195</x2>
            <y2>113</y2>
            <x3>194</x3>
            <y3>129</y3>
            <x4>180</x4>
            <y4>130</y4>
            <x5>147</x5>
            <y5>152</y5>
            <x6>139</x6>
            <y6>163</y6>
            <x7>140</x7>
            <y7>174</y7>
            <x8>108</x8>
            <y8>174</y8>
            <x9>87</x9>
            <y9>174</y9>
            <x10>73</x10>
            <y10>194</y10>
            <x11>123</x11>
            <y11>242</y11>
            <x12>136</x12>
            <y12>253</y12>
            <x13>141</x13>
            <y13>268</y13>
            <x14>173</x14>
            <y14>243</y14>
            <x15>174</x15>
            <y15>224</y15>
            <x16>167</x16>
            <y16>221</y16>
            <x17>180</x17>
            <y17>213</y17>
            <x18>189</x18>
            <y18>217</y18>
            <x19>184</x19>
            <y19>238</y19>
            <x20>186</x20>
            <y20>267</y20>
            <x21>196</x21>
            <y21>280</y21>
            <x22>209</x22>
            <y22>273</y22>
            <x23>213</x23>
            <y23>261</y23>
            <x24>213</x24>
            <y24>251</y24>
            <x25>206</x25>
            <y25>230</y25>
            <x26>205</x26>
            <y26>211</y26>
            <x27>233</x27>
            <y27>192</y27>
            <x28>241</x28>
            <y28>170</y28>
            <x29>252</x29>
            <y29>181</y29>
            <x30>249</x30>
            <y30>208</y30>
            <x31>256</x31>
            <y31>217</y31>
            <x32>276</x32>
            <y32>217</y32>
            <x33>277</x33>
            <y33>197</y33>
            <x34>273</x34>
            <y34>187</y34>
            <x35>273</x35>
            <y35>172</y35>
            <x36>264</x36>
            <y36>157</y36>
            <x37>245</x37>
            <y37>128</y37>
            <x38>227</x38>
            <y38>127</y38>
            <x39>213</x39>
            <y39>108</y39>
        </polygon>
    </object>
</annotation>
