<?xml version="1.0" encoding="UTF-8" standalone="no"?>
<annotation>
    <folder>Images</folder>
    <filename>dd035.jpg</filename>
    <source>
        <database>Unknown</database>
    </source>
    <size>
        <width>400</width>
        <height>601</height>
        <depth>3</depth>
    </size>
    <segmented>0</segmented>
    <object>
        <name>晕倒及紧急情况</name>
        <pose>Unspecified</pose>
        <truncated>0</truncated>
        <difficult>0</difficult>
        <occluded>0</occluded>
        <polygon>
            <x1>171</x1>
            <y1>250</y1>
            <x2>150</x2>
            <y2>269</y2>
            <x3>142</x3>
            <y3>287</y3>
            <x4>27</x4>
            <y4>305</y4>
            <x5>43</x5>
            <y5>329</y5>
            <x6>142</x6>
            <y6>370</y6>
            <x7>160</x7>
            <y7>370</y7>
            <x8>157</x8>
            <y8>397</y8>
            <x9>19</x9>
            <y9>385</y9>
            <x10>39</x10>
            <y10>431</y10>
            <x11>97</x11>
            <y11>454</y11>
            <x12>201</x12>
            <y12>449</y12>
            <x13>216</x13>
            <y13>434</y13>
            <x14>216</x14>
            <y14>406</y14>
            <x15>243</x15>
            <y15>469</y15>
            <x16>153</x16>
            <y16>502</y16>
            <x17>99</x17>
            <y17>511</y17>
            <x18>46</x18>
            <y18>545</y18>
            <x19>187</x19>
            <y19>562</y19>
            <x20>276</x20>
            <y20>523</y20>
            <x21>319</x21>
            <y21>500</y21>
            <x22>331</x22>
            <y22>484</y22>
            <x23>302</x23>
            <y23>431</y23>
            <x24>268</x24>
            <y24>356</y24>
            <x25>262</x25>
            <y25>328</y25>
            <x26>320</x26>
            <y26>344</y26>
            <x27>305</x27>
            <y27>311</y27>
            <x28>270</x28>
            <y28>305</y28>
            <x29>237</x29>
            <y29>286</y29>
            <x30>171</x30>
            <y30>250</y30>
        </polygon>
    </object>
</annotation>
