<?xml version="1.0" encoding="UTF-8" standalone="no"?>
<annotation>
    <folder>Images</folder>
    <filename>dd037.jpg</filename>
    <source>
        <database>Unknown</database>
    </source>
    <size>
        <width>500</width>
        <height>375</height>
        <depth>3</depth>
    </size>
    <segmented>0</segmented>
    <object>
        <name>晕倒及紧急情况</name>
        <pose>Unspecified</pose>
        <truncated>0</truncated>
        <difficult>0</difficult>
        <occluded>0</occluded>
        <polygon>
            <x1>195</x1>
            <y1>184</y1>
            <x2>234</x2>
            <y2>152</y2>
            <x3>255</x3>
            <y3>164</y3>
            <x4>272</x4>
            <y4>162</y4>
            <x5>293</x5>
            <y5>173</y5>
            <x6>335</x6>
            <y6>174</y6>
            <x7>347</x7>
            <y7>184</y7>
            <x8>336</x8>
            <y8>194</y8>
            <x9>317</x9>
            <y9>194</y9>
            <x10>267</x10>
            <y10>191</y10>
            <x11>284</x11>
            <y11>205</y11>
            <x12>274</x12>
            <y12>211</y12>
            <x13>264</x13>
            <y13>203</y13>
            <x14>217</x14>
            <y14>201</y14>
            <x15>195</x15>
            <y15>202</y15>
            <x16>195</x16>
            <y16>184</y16>
        </polygon>
    </object>
</annotation>
