<?xml version="1.0" encoding="UTF-8" standalone="no"?>
<annotation>
    <folder>Images</folder>
    <filename>dd031.jpg</filename>
    <source>
        <database>Unknown</database>
    </source>
    <size>
        <width>500</width>
        <height>371</height>
        <depth>3</depth>
    </size>
    <segmented>0</segmented>
    <object>
        <name>晕倒及紧急情况</name>
        <pose>Unspecified</pose>
        <truncated>0</truncated>
        <difficult>0</difficult>
        <occluded>0</occluded>
        <polygon>
            <x1>240</x1>
            <y1>197</y1>
            <x2>226</x2>
            <y2>205</y2>
            <x3>220</x3>
            <y3>224</y3>
            <x4>207</x4>
            <y4>237</y4>
            <x5>184</x5>
            <y5>239</y5>
            <x6>183</x6>
            <y6>268</y6>
            <x7>207</x7>
            <y7>257</y7>
            <x8>158</x8>
            <y8>368</y8>
            <x9>214</x9>
            <y9>370</y9>
            <x10>233</x10>
            <y10>346</y10>
            <x11>259</x11>
            <y11>357</y11>
            <x12>244</x12>
            <y12>366</y12>
            <x13>312</x13>
            <y13>370</y13>
            <x14>314</x14>
            <y14>352</y14>
            <x15>274</x15>
            <y15>300</y15>
            <x16>270</x16>
            <y16>260</y16>
            <x17>259</x17>
            <y17>229</y17>
            <x18>251</x18>
            <y18>211</y18>
            <x19>240</x19>
            <y19>197</y19>
        </polygon>
    </object>
</annotation>
