<?xml version="1.0" encoding="UTF-8" standalone="no"?>
<annotation>
    <folder>Images</folder>
    <filename>dd032.jpg</filename>
    <source>
        <database>Unknown</database>
    </source>
    <size>
        <width>502</width>
        <height>300</height>
        <depth>3</depth>
    </size>
    <segmented>0</segmented>
    <object>
        <name>晕倒及紧急情况</name>
        <pose>Unspecified</pose>
        <truncated>0</truncated>
        <difficult>0</difficult>
        <occluded>0</occluded>
        <polygon>
            <x1>22</x1>
            <y1>175</y1>
            <x2>92</x2>
            <y2>166</y2>
            <x3>143</x3>
            <y3>205</y3>
            <x4>194</x4>
            <y4>163</y4>
            <x5>201</x5>
            <y5>127</y5>
            <x6>279</x6>
            <y6>127</y6>
            <x7>321</x7>
            <y7>130</y7>
            <x8>399</x8>
            <y8>133</y8>
            <x9>418</x9>
            <y9>147</y9>
            <x10>462</x10>
            <y10>175</y10>
            <x11>456</x11>
            <y11>211</y11>
            <x12>399</x12>
            <y12>206</y12>
            <x13>400</x13>
            <y13>221</y13>
            <x14>450</x14>
            <y14>217</y14>
            <x15>473</x15>
            <y15>209</y15>
            <x16>495</x16>
            <y16>222</y16>
            <x17>489</x17>
            <y17>229</y17>
            <x18>469</x18>
            <y18>237</y18>
            <x19>448</x19>
            <y19>235</y19>
            <x20>385</x20>
            <y20>259</y20>
            <x21>372</x21>
            <y21>238</y21>
            <x22>359</x22>
            <y22>280</y22>
            <x23>314</x23>
            <y23>298</y23>
            <x24>304</x24>
            <y24>265</y24>
            <x25>306</x25>
            <y25>249</y25>
            <x26>342</x26>
            <y26>258</y26>
            <x27>360</x27>
            <y27>205</y27>
            <x28>264</x28>
            <y28>209</y28>
            <x29>247</x29>
            <y29>220</y29>
            <x30>214</x30>
            <y30>286</y30>
            <x31>75</x31>
            <y31>278</y31>
            <x32>69</x32>
            <y32>271</y32>
            <x33>39</x33>
            <y33>278</y33>
            <x34>18</x34>
            <y34>288</y34>
            <x35>6</x35>
            <y35>285</y35>
            <x36>14</x36>
            <y36>265</y36>
            <x37>34</x37>
            <y37>244</y37>
            <x38>72</x38>
            <y38>225</y38>
            <x39>50</x39>
            <y39>208</y39>
            <x40>63</x40>
            <y40>196</y40>
            <x41>21</x41>
            <y41>202</y41>
            <x42>15</x42>
            <y42>188</y42>
            <x43>22</x43>
            <y43>175</y43>
        </polygon>
    </object>
</annotation>
