<?xml version="1.0" encoding="UTF-8" standalone="no"?>
<annotation>
    <folder>Images</folder>
    <filename>dd039.jpg</filename>
    <source>
        <database>Unknown</database>
    </source>
    <size>
        <width>534</width>
        <height>300</height>
        <depth>3</depth>
    </size>
    <segmented>0</segmented>
    <object>
        <name>晕倒及紧急情况</name>
        <pose>Unspecified</pose>
        <truncated>0</truncated>
        <difficult>0</difficult>
        <occluded>0</occluded>
        <polygon>
            <x1>118</x1>
            <y1>71</y1>
            <x2>74</x2>
            <y2>100</y2>
            <x3>82</x3>
            <y3>223</y3>
            <x4>98</x4>
            <y4>207</y4>
            <x5>95</x5>
            <y5>227</y5>
            <x6>77</x6>
            <y6>256</y6>
            <x7>352</x7>
            <y7>280</y7>
            <x8>456</x8>
            <y8>260</y8>
            <x9>464</x9>
            <y9>199</y9>
            <x10>406</x10>
            <y10>224</y10>
            <x11>343</x11>
            <y11>204</y11>
            <x12>375</x12>
            <y12>154</y12>
            <x13>444</x13>
            <y13>143</y13>
            <x14>457</x14>
            <y14>114</y14>
            <x15>463</x15>
            <y15>44</y15>
            <x16>307</x16>
            <y16>48</y16>
            <x17>271</x17>
            <y17>41</y17>
            <x18>239</x18>
            <y18>73</y18>
            <x19>217</x19>
            <y19>62</y19>
            <x20>165</x20>
            <y20>56</y20>
            <x21>118</x21>
            <y21>71</y21>
        </polygon>
    </object>
</annotation>
