<?xml version="1.0" encoding="UTF-8" standalone="no"?>
<annotation>
    <folder>Images</folder>
    <filename>dd030.jpg</filename>
    <source>
        <database>Unknown</database>
    </source>
    <size>
        <width>220</width>
        <height>220</height>
        <depth>3</depth>
    </size>
    <segmented>0</segmented>
    <object>
        <name>晕倒及紧急情况</name>
        <pose>Unspecified</pose>
        <truncated>0</truncated>
        <difficult>0</difficult>
        <occluded>0</occluded>
        <polygon>
            <x1>101</x1>
            <y1>114</y1>
            <x2>84</x2>
            <y2>115</y2>
            <x3>82</x3>
            <y3>120</y3>
            <x4>77</x4>
            <y4>125</y4>
            <x5>76</x5>
            <y5>133</y5>
            <x6>81</x6>
            <y6>131</y6>
            <x7>79</x7>
            <y7>144</y7>
            <x8>103</x8>
            <y8>155</y8>
            <x9>108</x9>
            <y9>156</y9>
            <x10>114</x10>
            <y10>160</y10>
            <x11>110</x11>
            <y11>146</y11>
            <x12>110</x12>
            <y12>140</y12>
            <x13>116</x13>
            <y13>147</y13>
            <x14>119</x14>
            <y14>152</y14>
            <x15>134</x15>
            <y15>152</y15>
            <x16>141</x16>
            <y16>148</y16>
            <x17>132</x17>
            <y17>161</y17>
            <x18>133</x18>
            <y18>166</y18>
            <x19>151</x19>
            <y19>171</y19>
            <x20>156</x20>
            <y20>167</y20>
            <x21>150</x21>
            <y21>156</y21>
            <x22>168</x22>
            <y22>146</y22>
            <x23>166</x23>
            <y23>141</y23>
            <x24>160</x24>
            <y24>136</y24>
            <x25>157</x25>
            <y25>129</y25>
            <x26>150</x26>
            <y26>126</y26>
            <x27>141</x27>
            <y27>126</y27>
            <x28>130</x28>
            <y28>125</y28>
            <x29>116</x29>
            <y29>125</y29>
            <x30>101</x30>
            <y30>114</y30>
        </polygon>
    </object>
</annotation>
