<?xml version="1.0" encoding="UTF-8" standalone="no"?>
<annotation>
    <folder>Images</folder>
    <filename>dd033.jpg</filename>
    <source>
        <database>Unknown</database>
    </source>
    <size>
        <width>350</width>
        <height>242</height>
        <depth>3</depth>
    </size>
    <segmented>0</segmented>
    <object>
        <name>晕倒及紧急情况</name>
        <pose>Unspecified</pose>
        <truncated>0</truncated>
        <difficult>0</difficult>
        <occluded>0</occluded>
        <polygon>
            <x1>278</x1>
            <y1>135</y1>
            <x2>259</x2>
            <y2>142</y2>
            <x3>254</x3>
            <y3>119</y3>
            <x4>236</x4>
            <y4>111</y4>
            <x5>176</x5>
            <y5>87</y5>
            <x6>151</x6>
            <y6>83</y6>
            <x7>193</x7>
            <y7>115</y7>
            <x8>156</x8>
            <y8>104</y8>
            <x9>139</x9>
            <y9>103</y9>
            <x10>124</x10>
            <y10>107</y10>
            <x11>121</x11>
            <y11>117</y11>
            <x12>121</x12>
            <y12>143</y12>
            <x13>111</x13>
            <y13>178</y13>
            <x14>162</x14>
            <y14>165</y14>
            <x15>173</x15>
            <y15>198</y15>
            <x16>191</x16>
            <y16>206</y16>
            <x17>249</x17>
            <y17>185</y17>
            <x18>248</x18>
            <y18>174</y18>
            <x19>267</x19>
            <y19>180</y19>
            <x20>318</x20>
            <y20>174</y20>
            <x21>307</x21>
            <y21>155</y21>
            <x22>286</x22>
            <y22>138</y22>
            <x23>278</x23>
            <y23>135</y23>
        </polygon>
    </object>
</annotation>
