<?xml version="1.0" encoding="UTF-8" standalone="no"?>
<annotation>
    <folder>Images</folder>
    <filename>dd047.jpg</filename>
    <source>
        <database>Unknown</database>
    </source>
    <size>
        <width>400</width>
        <height>297</height>
        <depth>3</depth>
    </size>
    <segmented>0</segmented>
    <object>
        <name>晕倒及紧急情况</name>
        <pose>Unspecified</pose>
        <truncated>0</truncated>
        <difficult>0</difficult>
        <occluded>0</occluded>
        <polygon>
            <x1>256</x1>
            <y1>119</y1>
            <x2>242</x2>
            <y2>126</y2>
            <x3>242</x3>
            <y3>145</y3>
            <x4>223</x4>
            <y4>146</y4>
            <x5>214</x5>
            <y5>143</y5>
            <x6>202</x6>
            <y6>140</y6>
            <x7>196</x7>
            <y7>148</y7>
            <x8>199</x8>
            <y8>155</y8>
            <x9>214</x9>
            <y9>155</y9>
            <x10>217</x10>
            <y10>167</y10>
            <x11>223</x11>
            <y11>173</y11>
            <x12>205</x12>
            <y12>188</y12>
            <x13>170</x13>
            <y13>203</y13>
            <x14>156</x14>
            <y14>230</y14>
            <x15>145</x15>
            <y15>264</y15>
            <x16>116</x16>
            <y16>295</y16>
            <x17>149</x17>
            <y17>297</y17>
            <x18>171</x18>
            <y18>286</y18>
            <x19>169</x19>
            <y19>266</y19>
            <x20>190</x20>
            <y20>236</y20>
            <x21>212</x21>
            <y21>228</y21>
            <x22>230</x22>
            <y22>272</y22>
            <x23>207</x23>
            <y23>296</y23>
            <x24>279</x24>
            <y24>293</y24>
            <x25>261</x25>
            <y25>236</y25>
            <x26>271</x26>
            <y26>206</y26>
            <x27>282</x27>
            <y27>186</y27>
            <x28>288</x28>
            <y28>182</y28>
            <x29>295</x29>
            <y29>168</y29>
            <x30>287</x30>
            <y30>159</y30>
            <x31>285</x31>
            <y31>150</y31>
            <x32>269</x32>
            <y32>149</y32>
            <x33>268</x33>
            <y33>134</y33>
            <x34>265</x34>
            <y34>121</y34>
            <x35>256</x35>
            <y35>119</y35>
        </polygon>
    </object>
</annotation>
