<?xml version="1.0" encoding="UTF-8" standalone="no"?>
<annotation>
    <folder>Images</folder>
    <filename>dd048.jpg</filename>
    <source>
        <database>Unknown</database>
    </source>
    <size>
        <width>500</width>
        <height>333</height>
        <depth>3</depth>
    </size>
    <segmented>0</segmented>
    <object>
        <name>晕倒及紧急情况</name>
        <pose>Unspecified</pose>
        <truncated>0</truncated>
        <difficult>0</difficult>
        <occluded>0</occluded>
        <polygon>
            <x1>178</x1>
            <y1>199</y1>
            <x2>134</x2>
            <y2>174</y2>
            <x3>139</x3>
            <y3>200</y3>
            <x4>161</x4>
            <y4>220</y4>
            <x5>181</x5>
            <y5>254</y5>
            <x6>86</x6>
            <y6>271</y6>
            <x7>62</x7>
            <y7>307</y7>
            <x8>192</x8>
            <y8>295</y8>
            <x9>241</x9>
            <y9>321</y9>
            <x10>289</x10>
            <y10>309</y10>
            <x11>274</x11>
            <y11>330</y11>
            <x12>394</x12>
            <y12>329</y12>
            <x13>365</x13>
            <y13>282</y13>
            <x14>329</x14>
            <y14>250</y14>
            <x15>299</x15>
            <y15>227</y15>
            <x16>249</x16>
            <y16>204</y16>
            <x17>211</x17>
            <y17>190</y17>
            <x18>203</x18>
            <y18>193</y18>
            <x19>213</x19>
            <y19>169</y19>
            <x20>199</x20>
            <y20>168</y20>
            <x21>189</x21>
            <y21>182</y21>
            <x22>182</x22>
            <y22>191</y22>
            <x23>178</x23>
            <y23>199</y23>
        </polygon>
    </object>
</annotation>
