<?xml version="1.0" encoding="UTF-8" standalone="no"?>
<annotation>
    <folder>Images</folder>
    <filename>dd049.jpg</filename>
    <source>
        <database>Unknown</database>
    </source>
    <size>
        <width>500</width>
        <height>330</height>
        <depth>3</depth>
    </size>
    <segmented>0</segmented>
    <object>
        <name>晕倒及紧急情况</name>
        <pose>Unspecified</pose>
        <truncated>0</truncated>
        <difficult>0</difficult>
        <occluded>0</occluded>
        <polygon>
            <x1>353</x1>
            <y1>191</y1>
            <x2>330</x2>
            <y2>169</y2>
            <x3>319</x3>
            <y3>174</y3>
            <x4>312</x4>
            <y4>179</y4>
            <x5>247</x5>
            <y5>172</y5>
            <x6>236</x6>
            <y6>164</y6>
            <x7>228</x7>
            <y7>164</y7>
            <x8>203</x8>
            <y8>149</y8>
            <x9>159</x9>
            <y9>182</y9>
            <x10>141</x10>
            <y10>182</y10>
            <x11>137</x11>
            <y11>191</y11>
            <x12>122</x12>
            <y12>197</y12>
            <x13>126</x13>
            <y13>203</y13>
            <x14>165</x14>
            <y14>205</y14>
            <x15>198</x15>
            <y15>200</y15>
            <x16>208</x16>
            <y16>192</y16>
            <x17>218</x17>
            <y17>205</y17>
            <x18>221</x18>
            <y18>216</y18>
            <x19>256</x19>
            <y19>212</y19>
            <x20>302</x20>
            <y20>210</y20>
            <x21>307</x21>
            <y21>202</y21>
            <x22>331</x22>
            <y22>203</y22>
            <x23>350</x23>
            <y23>204</y23>
            <x24>353</x24>
            <y24>191</y24>
        </polygon>
    </object>
</annotation>
