<?xml version="1.0" encoding="UTF-8" standalone="no"?>
<annotation>
    <folder>Images</folder>
    <filename>dd042.jpg</filename>
    <source>
        <database>Unknown</database>
    </source>
    <size>
        <width>490</width>
        <height>198</height>
        <depth>3</depth>
    </size>
    <segmented>0</segmented>
    <object>
        <name>晕倒及紧急情况</name>
        <pose>Unspecified</pose>
        <truncated>0</truncated>
        <difficult>0</difficult>
        <occluded>0</occluded>
        <polygon>
            <x1>452</x1>
            <y1>44</y1>
            <x2>443</x2>
            <y2>11</y2>
            <x3>422</x3>
            <y3>5</y3>
            <x4>397</x4>
            <y4>25</y4>
            <x5>361</x5>
            <y5>25</y5>
            <x6>275</x6>
            <y6>39</y6>
            <x7>270</x7>
            <y7>34</y7>
            <x8>228</x8>
            <y8>37</y8>
            <x9>138</x9>
            <y9>57</y9>
            <x10>53</x10>
            <y10>48</y10>
            <x11>38</x11>
            <y11>36</y11>
            <x12>10</x12>
            <y12>71</y12>
            <x13>0</x13>
            <y13>96</y13>
            <x14>4</x14>
            <y14>105</y14>
            <x15>44</x15>
            <y15>95</y15>
            <x16>115</x16>
            <y16>89</y16>
            <x17>126</x17>
            <y17>97</y17>
            <x18>202</x18>
            <y18>101</y18>
            <x19>209</x19>
            <y19>141</y19>
            <x20>212</x20>
            <y20>147</y20>
            <x21>207</x21>
            <y21>149</y21>
            <x22>201</x22>
            <y22>141</y22>
            <x23>176</x23>
            <y23>144</y23>
            <x24>150</x24>
            <y24>141</y24>
            <x25>150</x25>
            <y25>136</y25>
            <x26>118</x26>
            <y26>124</y26>
            <x27>112</x27>
            <y27>124</y27>
            <x28>90</x28>
            <y28>172</y28>
            <x29>90</x29>
            <y29>196</y29>
            <x30>135</x30>
            <y30>178</y30>
            <x31>140</x31>
            <y31>178</y31>
            <x32>138</x32>
            <y32>194</y32>
            <x33>231</x33>
            <y33>191</y33>
            <x34>242</x34>
            <y34>178</y34>
            <x35>255</x35>
            <y35>105</y35>
            <x36>353</x36>
            <y36>101</y36>
            <x37>368</x37>
            <y37>144</y37>
            <x38>377</x38>
            <y38>150</y38>
            <x39>448</x39>
            <y39>140</y39>
            <x40>475</x40>
            <y40>142</y40>
            <x41>483</x41>
            <y41>120</y41>
            <x42>484</x42>
            <y42>111</y42>
            <x43>465</x43>
            <y43>128</y43>
            <x44>468</x44>
            <y44>116</y44>
            <x45>403</x45>
            <y45>122</y45>
            <x46>420</x46>
            <y46>82</y46>
            <x47>435</x47>
            <y47>76</y47>
            <x48>452</x48>
            <y48>44</y48>
        </polygon>
    </object>
</annotation>
