<?xml version="1.0" encoding="UTF-8" standalone="no"?>
<annotation>
    <folder>Images</folder>
    <filename>dd046.jpg</filename>
    <source>
        <database>Unknown</database>
    </source>
    <size>
        <width>543</width>
        <height>300</height>
        <depth>3</depth>
    </size>
    <segmented>0</segmented>
    <object>
        <name>晕倒及紧急情况</name>
        <pose>Unspecified</pose>
        <truncated>0</truncated>
        <difficult>0</difficult>
        <occluded>0</occluded>
        <polygon>
            <x1>164</x1>
            <y1>167</y1>
            <x2>150</x2>
            <y2>181</y2>
            <x3>149</x3>
            <y3>201</y3>
            <x4>171</x4>
            <y4>208</y4>
            <x5>176</x5>
            <y5>188</y5>
            <x6>214</x6>
            <y6>191</y6>
            <x7>248</x7>
            <y7>198</y7>
            <x8>272</x8>
            <y8>205</y8>
            <x9>295</x9>
            <y9>193</y9>
            <x10>329</x10>
            <y10>170</y10>
            <x11>362</x11>
            <y11>178</y11>
            <x12>376</x12>
            <y12>196</y12>
            <x13>370</x13>
            <y13>213</y13>
            <x14>382</x14>
            <y14>223</y14>
            <x15>391</x15>
            <y15>213</y15>
            <x16>415</x16>
            <y16>211</y16>
            <x17>424</x17>
            <y17>199</y17>
            <x18>409</x18>
            <y18>190</y18>
            <x19>465</x19>
            <y19>192</y19>
            <x20>479</x20>
            <y20>190</y20>
            <x21>479</x21>
            <y21>178</y21>
            <x22>451</x22>
            <y22>176</y22>
            <x23>442</x23>
            <y23>154</y23>
            <x24>426</x24>
            <y24>145</y24>
            <x25>399</x25>
            <y25>145</y25>
            <x26>389</x26>
            <y26>126</y26>
            <x27>382</x27>
            <y27>123</y27>
            <x28>372</x28>
            <y28>132</y28>
            <x29>343</x29>
            <y29>136</y29>
            <x30>335</x30>
            <y30>139</y30>
            <x31>313</x31>
            <y31>127</y31>
            <x32>297</x32>
            <y32>127</y32>
            <x33>274</x33>
            <y33>140</y33>
            <x34>253</x34>
            <y34>155</y34>
            <x35>238</x35>
            <y35>153</y35>
            <x36>211</x36>
            <y36>153</y36>
            <x37>189</x37>
            <y37>163</y37>
            <x38>164</x38>
            <y38>167</y38>
        </polygon>
    </object>
</annotation>
