<?xml version="1.0" encoding="UTF-8" standalone="no"?>
<annotation>
    <folder>Images</folder>
    <filename>dd044.jpg</filename>
    <source>
        <database>Unknown</database>
    </source>
    <size>
        <width>400</width>
        <height>300</height>
        <depth>3</depth>
    </size>
    <segmented>0</segmented>
    <object>
        <name>晕倒及紧急情况</name>
        <pose>Unspecified</pose>
        <truncated>0</truncated>
        <difficult>0</difficult>
        <occluded>0</occluded>
        <polygon>
            <x1>149</x1>
            <y1>175</y1>
            <x2>153</x2>
            <y2>193</y2>
            <x3>166</x3>
            <y3>196</y3>
            <x4>156</x4>
            <y4>214</y4>
            <x5>190</x5>
            <y5>224</y5>
            <x6>204</x6>
            <y6>200</y6>
            <x7>258</x7>
            <y7>203</y7>
            <x8>288</x8>
            <y8>187</y8>
            <x9>297</x9>
            <y9>163</y9>
            <x10>327</x10>
            <y10>181</y10>
            <x11>345</x11>
            <y11>170</y11>
            <x12>351</x12>
            <y12>156</y12>
            <x13>333</x13>
            <y13>159</y13>
            <x14>328</x14>
            <y14>140</y14>
            <x15>321</x15>
            <y15>142</y15>
            <x16>312</x16>
            <y16>149</y16>
            <x17>273</x17>
            <y17>127</y17>
            <x18>253</x18>
            <y18>139</y18>
            <x19>252</x19>
            <y19>150</y19>
            <x20>238</x20>
            <y20>155</y20>
            <x21>228</x21>
            <y21>154</y21>
            <x22>241</x22>
            <y22>144</y22>
            <x23>233</x23>
            <y23>133</y23>
            <x24>213</x24>
            <y24>144</y24>
            <x25>186</x25>
            <y25>148</y25>
            <x26>183</x26>
            <y26>162</y26>
            <x27>162</x27>
            <y27>156</y27>
            <x28>149</x28>
            <y28>175</y28>
        </polygon>
    </object>
</annotation>
