<?xml version="1.0" encoding="UTF-8" standalone="no"?>
<annotation>
    <folder>Images</folder>
    <filename>dd041.jpg</filename>
    <source>
        <database>Unknown</database>
    </source>
    <size>
        <width>534</width>
        <height>300</height>
        <depth>3</depth>
    </size>
    <segmented>0</segmented>
    <object>
        <name>晕倒及紧急情况</name>
        <pose>Unspecified</pose>
        <truncated>0</truncated>
        <difficult>0</difficult>
        <occluded>0</occluded>
        <polygon>
            <x1>163</x1>
            <y1>100</y1>
            <x2>91</x2>
            <y2>140</y2>
            <x3>71</x3>
            <y3>212</y3>
            <x4>81</x4>
            <y4>269</y4>
            <x5>142</x5>
            <y5>258</y5>
            <x6>260</x6>
            <y6>283</y6>
            <x7>322</x7>
            <y7>280</y7>
            <x8>321</x8>
            <y8>298</y8>
            <x9>531</x9>
            <y9>300</y9>
            <x10>533</x10>
            <y10>73</y10>
            <x11>406</x11>
            <y11>61</y11>
            <x12>358</x12>
            <y12>78</y12>
            <x13>332</x13>
            <y13>141</y13>
            <x14>341</x14>
            <y14>156</y14>
            <x15>319</x15>
            <y15>176</y15>
            <x16>304</x16>
            <y16>176</y16>
            <x17>262</x17>
            <y17>164</y17>
            <x18>257</x18>
            <y18>153</y18>
            <x19>255</x19>
            <y19>133</y19>
            <x20>217</x20>
            <y20>115</y20>
            <x21>163</x21>
            <y21>100</y21>
        </polygon>
    </object>
</annotation>
