<?xml version="1.0" encoding="UTF-8" standalone="no"?>
<annotation>
    <folder>Images</folder>
    <filename>dd043.jpg</filename>
    <source>
        <database>Unknown</database>
    </source>
    <size>
        <width>500</width>
        <height>334</height>
        <depth>3</depth>
    </size>
    <segmented>0</segmented>
    <object>
        <name>晕倒及紧急情况</name>
        <pose>Unspecified</pose>
        <truncated>0</truncated>
        <difficult>0</difficult>
        <occluded>0</occluded>
        <polygon>
            <x1>239</x1>
            <y1>92</y1>
            <x2>212</x2>
            <y2>109</y2>
            <x3>222</x3>
            <y3>139</y3>
            <x4>237</x4>
            <y4>161</y4>
            <x5>222</x5>
            <y5>170</y5>
            <x6>207</x6>
            <y6>189</y6>
            <x7>209</x7>
            <y7>228</y7>
            <x8>221</x8>
            <y8>228</y8>
            <x9>222</x9>
            <y9>290</y9>
            <x10>229</x10>
            <y10>296</y10>
            <x11>219</x11>
            <y11>327</y11>
            <x12>237</x12>
            <y12>333</y12>
            <x13>450</x13>
            <y13>331</y13>
            <x14>441</x14>
            <y14>298</y14>
            <x15>384</x15>
            <y15>294</y15>
            <x16>364</x16>
            <y16>290</y16>
            <x17>334</x17>
            <y17>239</y17>
            <x18>329</x18>
            <y18>201</y18>
            <x19>341</x19>
            <y19>196</y19>
            <x20>319</x20>
            <y20>146</y20>
            <x21>277</x21>
            <y21>141</y21>
            <x22>265</x22>
            <y22>130</y22>
            <x23>276</x23>
            <y23>127</y23>
            <x24>269</x24>
            <y24>108</y24>
            <x25>264</x25>
            <y25>113</y25>
            <x26>260</x26>
            <y26>90</y26>
            <x27>239</x27>
            <y27>92</y27>
        </polygon>
    </object>
</annotation>
