<?xml version="1.0" encoding="UTF-8" standalone="no"?>
<annotation>
    <folder>Images</folder>
    <filename>dd040.jpg</filename>
    <source>
        <database>Unknown</database>
    </source>
    <size>
        <width>534</width>
        <height>300</height>
        <depth>3</depth>
    </size>
    <segmented>0</segmented>
    <object>
        <name>晕倒及紧急情况</name>
        <pose>Unspecified</pose>
        <truncated>0</truncated>
        <difficult>0</difficult>
        <occluded>0</occluded>
        <polygon>
            <x1>346</x1>
            <y1>35</y1>
            <x2>292</x2>
            <y2>58</y2>
            <x3>248</x3>
            <y3>118</y3>
            <x4>215</x4>
            <y4>139</y4>
            <x5>106</x5>
            <y5>94</y5>
            <x6>65</x6>
            <y6>94</y6>
            <x7>17</x7>
            <y7>139</y7>
            <x8>3</x8>
            <y8>171</y8>
            <x9>2</x9>
            <y9>253</y9>
            <x10>343</x10>
            <y10>244</y10>
            <x11>315</x11>
            <y11>190</y11>
            <x12>373</x12>
            <y12>178</y12>
            <x13>400</x13>
            <y13>137</y13>
            <x14>409</x14>
            <y14>91</y14>
            <x15>397</x15>
            <y15>57</y15>
            <x16>346</x16>
            <y16>35</y16>
        </polygon>
    </object>
</annotation>
