<?xml version="1.0" encoding="UTF-8" standalone="no"?>
<annotation>
    <folder>Images</folder>
    <filename>dd055.jpg</filename>
    <source>
        <database>Unknown</database>
    </source>
    <size>
        <width>500</width>
        <height>339</height>
        <depth>3</depth>
    </size>
    <segmented>0</segmented>
    <object>
        <name>晕倒及紧急情况</name>
        <pose>Unspecified</pose>
        <truncated>0</truncated>
        <difficult>0</difficult>
        <occluded>0</occluded>
        <polygon>
            <x1>279</x1>
            <y1>208</y1>
            <x2>275</x2>
            <y2>186</y2>
            <x3>257</x3>
            <y3>182</y3>
            <x4>260</x4>
            <y4>167</y4>
            <x5>241</x5>
            <y5>167</y5>
            <x6>200</x6>
            <y6>189</y6>
            <x7>190</x7>
            <y7>202</y7>
            <x8>186</x8>
            <y8>229</y8>
            <x9>192</x9>
            <y9>241</y9>
            <x10>211</x10>
            <y10>242</y10>
            <x11>218</x11>
            <y11>252</y11>
            <x12>214</x12>
            <y12>264</y12>
            <x13>225</x13>
            <y13>272</y13>
            <x14>217</x14>
            <y14>284</y14>
            <x15>224</x15>
            <y15>290</y15>
            <x16>257</x16>
            <y16>299</y16>
            <x17>263</x17>
            <y17>289</y17>
            <x18>258</x18>
            <y18>277</y18>
            <x19>292</x19>
            <y19>245</y19>
            <x20>302</x20>
            <y20>238</y20>
            <x21>297</x21>
            <y21>229</y21>
            <x22>288</x22>
            <y22>228</y22>
            <x23>280</x23>
            <y23>217</y23>
            <x24>266</x24>
            <y24>216</y24>
            <x25>279</x25>
            <y25>208</y25>
        </polygon>
    </object>
</annotation>
