<?xml version="1.0" encoding="UTF-8" standalone="no"?>
<annotation>
    <folder>Images</folder>
    <filename>dd056.jpg</filename>
    <source>
        <database>Unknown</database>
    </source>
    <size>
        <width>500</width>
        <height>333</height>
        <depth>3</depth>
    </size>
    <segmented>0</segmented>
    <object>
        <name>晕倒及紧急情况</name>
        <pose>Unspecified</pose>
        <truncated>0</truncated>
        <difficult>0</difficult>
        <occluded>0</occluded>
        <polygon>
            <x1>420</x1>
            <y1>247</y1>
            <x2>419</x2>
            <y2>204</y2>
            <x3>376</x3>
            <y3>186</y3>
            <x4>349</x4>
            <y4>213</y4>
            <x5>31</x5>
            <y5>245</y5>
            <x6>1</x6>
            <y6>264</y6>
            <x7>2</x7>
            <y7>294</y7>
            <x8>66</x8>
            <y8>271</y8>
            <x9>1</x9>
            <y9>300</y9>
            <x10>3</x10>
            <y10>326</y10>
            <x11>191</x11>
            <y11>292</y11>
            <x12>242</x12>
            <y12>292</y12>
            <x13>306</x13>
            <y13>274</y13>
            <x14>304</x14>
            <y14>281</y14>
            <x15>240</x15>
            <y15>299</y15>
            <x16>219</x16>
            <y16>297</y16>
            <x17>202</x17>
            <y17>302</y17>
            <x18>202</x18>
            <y18>312</y18>
            <x19>213</x19>
            <y19>322</y19>
            <x20>230</x20>
            <y20>322</y20>
            <x21>274</x21>
            <y21>311</y21>
            <x22>357</x22>
            <y22>285</y22>
            <x23>387</x23>
            <y23>270</y23>
            <x24>390</x24>
            <y24>249</y24>
            <x25>399</x25>
            <y25>257</y25>
            <x26>409</x26>
            <y26>256</y26>
            <x27>420</x27>
            <y27>247</y27>
        </polygon>
    </object>
</annotation>
