<?xml version="1.0" encoding="UTF-8" standalone="no"?>
<annotation>
    <folder>Images</folder>
    <filename>dd054.jpg</filename>
    <source>
        <database>Unknown</database>
    </source>
    <size>
        <width>533</width>
        <height>300</height>
        <depth>3</depth>
    </size>
    <segmented>0</segmented>
    <object>
        <name>晕倒及紧急情况</name>
        <pose>Unspecified</pose>
        <truncated>0</truncated>
        <difficult>0</difficult>
        <occluded>0</occluded>
        <polygon>
            <x1>35</x1>
            <y1>101</y1>
            <x2>23</x2>
            <y2>126</y2>
            <x3>72</x3>
            <y3>124</y3>
            <x4>107</x4>
            <y4>154</y4>
            <x5>131</x5>
            <y5>144</y5>
            <x6>139</x6>
            <y6>166</y6>
            <x7>185</x7>
            <y7>151</y7>
            <x8>190</x8>
            <y8>133</y8>
            <x9>216</x9>
            <y9>149</y9>
            <x10>204</x10>
            <y10>177</y10>
            <x11>228</x11>
            <y11>199</y11>
            <x12>246</x12>
            <y12>207</y12>
            <x13>264</x13>
            <y13>229</y13>
            <x14>274</x14>
            <y14>237</y14>
            <x15>280</x15>
            <y15>229</y15>
            <x16>288</x16>
            <y16>218</y16>
            <x17>278</x17>
            <y17>202</y17>
            <x18>266</x18>
            <y18>193</y18>
            <x19>227</x19>
            <y19>174</y19>
            <x20>254</x20>
            <y20>150</y20>
            <x21>254</x21>
            <y21>182</y21>
            <x22>270</x22>
            <y22>190</y22>
            <x23>275</x23>
            <y23>181</y23>
            <x24>291</x24>
            <y24>192</y24>
            <x25>324</x25>
            <y25>181</y25>
            <x26>360</x26>
            <y26>199</y26>
            <x27>375</x27>
            <y27>199</y27>
            <x28>342</x28>
            <y28>165</y28>
            <x29>330</x29>
            <y29>125</y29>
            <x30>316</x30>
            <y30>115</y30>
            <x31>294</x31>
            <y31>113</y31>
            <x32>293</x32>
            <y32>121</y32>
            <x33>283</x33>
            <y33>109</y33>
            <x34>268</x34>
            <y34>106</y34>
            <x35>229</x35>
            <y35>97</y35>
            <x36>189</x36>
            <y36>73</y36>
            <x37>164</x37>
            <y37>70</y37>
            <x38>144</x38>
            <y38>79</y38>
            <x39>126</x39>
            <y39>103</y39>
            <x40>98</x40>
            <y40>104</y40>
            <x41>91</x41>
            <y41>109</y41>
            <x42>78</x42>
            <y42>97</y42>
            <x43>35</x43>
            <y43>101</y43>
        </polygon>
    </object>
</annotation>
