<?xml version="1.0" encoding="UTF-8" standalone="no"?>
<annotation>
    <folder>Images</folder>
    <filename>dd051.jpg</filename>
    <source>
        <database>Unknown</database>
    </source>
    <size>
        <width>499</width>
        <height>369</height>
        <depth>3</depth>
    </size>
    <segmented>0</segmented>
    <object>
        <name>晕倒及紧急情况</name>
        <pose>Unspecified</pose>
        <truncated>0</truncated>
        <difficult>0</difficult>
        <occluded>0</occluded>
        <polygon>
            <x1>195</x1>
            <y1>279</y1>
            <x2>149</x2>
            <y2>276</y2>
            <x3>111</x3>
            <y3>282</y3>
            <x4>112</x4>
            <y4>307</y4>
            <x5>309</x5>
            <y5>312</y5>
            <x6>315</x6>
            <y6>306</y6>
            <x7>302</x7>
            <y7>286</y7>
            <x8>267</x8>
            <y8>289</y8>
            <x9>254</x9>
            <y9>277</y9>
            <x10>236</x10>
            <y10>286</y10>
            <x11>225</x11>
            <y11>285</y11>
            <x12>195</x12>
            <y12>279</y12>
        </polygon>
    </object>
</annotation>
