<?xml version="1.0" encoding="UTF-8" standalone="no"?>
<annotation>
    <folder>Images</folder>
    <filename>dd058.jpg</filename>
    <source>
        <database>Unknown</database>
    </source>
    <size>
        <width>220</width>
        <height>220</height>
        <depth>3</depth>
    </size>
    <segmented>0</segmented>
    <object>
        <name>晕倒及紧急情况</name>
        <pose>Unspecified</pose>
        <truncated>0</truncated>
        <difficult>0</difficult>
        <occluded>0</occluded>
        <polygon>
            <x1>91</x1>
            <y1>113</y1>
            <x2>75</x2>
            <y2>125</y2>
            <x3>76</x3>
            <y3>144</y3>
            <x4>111</x4>
            <y4>160</y4>
            <x5>115</x5>
            <y5>149</y5>
            <x6>141</x6>
            <y6>148</y6>
            <x7>129</x7>
            <y7>161</y7>
            <x8>148</x8>
            <y8>170</y8>
            <x9>158</x9>
            <y9>168</y9>
            <x10>149</x10>
            <y10>159</y10>
            <x11>151</x11>
            <y11>153</y11>
            <x12>159</x12>
            <y12>153</y12>
            <x13>169</x13>
            <y13>143</y13>
            <x14>163</x14>
            <y14>130</y14>
            <x15>158</x15>
            <y15>127</y15>
            <x16>150</x16>
            <y16>127</y16>
            <x17>137</x17>
            <y17>127</y17>
            <x18>119</x18>
            <y18>126</y18>
            <x19>114</x19>
            <y19>123</y19>
            <x20>136</x20>
            <y20>114</y20>
            <x21>139</x21>
            <y21>104</y21>
            <x22>137</x22>
            <y22>100</y22>
            <x23>129</x23>
            <y23>102</y23>
            <x24>129</x24>
            <y24>108</y24>
            <x25>122</x25>
            <y25>114</y25>
            <x26>110</x26>
            <y26>115</y26>
            <x27>91</x27>
            <y27>113</y27>
        </polygon>
    </object>
</annotation>
