<?xml version="1.0" encoding="UTF-8" standalone="no"?>
<annotation>
    <folder>Images</folder>
    <filename>dd053.jpg</filename>
    <source>
        <database>Unknown</database>
    </source>
    <size>
        <width>450</width>
        <height>337</height>
        <depth>3</depth>
    </size>
    <segmented>0</segmented>
    <object>
        <name>晕倒及紧急情况</name>
        <pose>Unspecified</pose>
        <truncated>0</truncated>
        <difficult>0</difficult>
        <occluded>0</occluded>
        <polygon>
            <x1>440</x1>
            <y1>198</y1>
            <x2>428</x2>
            <y2>159</y2>
            <x3>367</x3>
            <y3>163</y3>
            <x4>364</x4>
            <y4>181</y4>
            <x5>336</x5>
            <y5>156</y5>
            <x6>290</x6>
            <y6>149</y6>
            <x7>247</x7>
            <y7>127</y7>
            <x8>227</x8>
            <y8>122</y8>
            <x9>218</x9>
            <y9>132</y9>
            <x10>243</x10>
            <y10>147</y10>
            <x11>237</x11>
            <y11>157</y11>
            <x12>273</x12>
            <y12>171</y12>
            <x13>245</x13>
            <y13>170</y13>
            <x14>207</x14>
            <y14>153</y14>
            <x15>135</x15>
            <y15>91</y15>
            <x16>121</x16>
            <y16>108</y16>
            <x17>91</x17>
            <y17>154</y17>
            <x18>124</x18>
            <y18>171</y18>
            <x19>114</x19>
            <y19>186</y19>
            <x20>91</x20>
            <y20>183</y20>
            <x21>91</x21>
            <y21>202</y21>
            <x22>160</x22>
            <y22>206</y22>
            <x23>156</x23>
            <y23>188</y23>
            <x24>147</x24>
            <y24>176</y24>
            <x25>150</x25>
            <y25>156</y25>
            <x26>165</x26>
            <y26>197</y26>
            <x27>158</x27>
            <y27>211</y27>
            <x28>84</x28>
            <y28>214</y28>
            <x29>0</x29>
            <y29>227</y29>
            <x30>4</x30>
            <y30>261</y30>
            <x31>39</x31>
            <y31>270</y31>
            <x32>91</x32>
            <y32>263</y32>
            <x33>105</x33>
            <y33>255</y33>
            <x34>172</x34>
            <y34>269</y34>
            <x35>196</x35>
            <y35>296</y35>
            <x36>216</x36>
            <y36>289</y36>
            <x37>219</x37>
            <y37>309</y37>
            <x38>286</x38>
            <y38>309</y38>
            <x39>383</x39>
            <y39>270</y39>
            <x40>440</x40>
            <y40>198</y40>
        </polygon>
    </object>
</annotation>
