<?xml version="1.0" encoding="UTF-8" standalone="no"?>
<annotation>
    <folder>Images</folder>
    <filename>dd057.jpg</filename>
    <source>
        <database>Unknown</database>
    </source>
    <size>
        <width>500</width>
        <height>352</height>
        <depth>3</depth>
    </size>
    <segmented>0</segmented>
    <object>
        <name>晕倒及紧急情况</name>
        <pose>Unspecified</pose>
        <truncated>0</truncated>
        <difficult>0</difficult>
        <occluded>0</occluded>
        <polygon>
            <x1>64</x1>
            <y1>293</y1>
            <x2>106</x2>
            <y2>288</y2>
            <x3>154</x3>
            <y3>253</y3>
            <x4>183</x4>
            <y4>249</y4>
            <x5>200</x5>
            <y5>263</y5>
            <x6>237</x6>
            <y6>305</y6>
            <x7>245</x7>
            <y7>325</y7>
            <x8>239</x8>
            <y8>343</y8>
            <x9>235</x9>
            <y9>351</y9>
            <x10>180</x10>
            <y10>349</y10>
            <x11>191</x11>
            <y11>335</y11>
            <x12>180</x12>
            <y12>324</y12>
            <x13>171</x13>
            <y13>312</y13>
            <x14>161</x14>
            <y14>319</y14>
            <x15>141</x15>
            <y15>319</y15>
            <x16>108</x16>
            <y16>319</y16>
            <x17>106</x17>
            <y17>311</y17>
            <x18>64</x18>
            <y18>293</y18>
        </polygon>
    </object>
    <object>
        <name>晕倒及紧急情况</name>
        <pose>Unspecified</pose>
        <truncated>0</truncated>
        <difficult>0</difficult>
        <occluded>0</occluded>
        <polygon>
            <x1>42</x1>
            <y1>251</y1>
            <x2>78</x2>
            <y2>237</y2>
            <x3>103</x3>
            <y3>226</y3>
            <x4>158</x4>
            <y4>222</y4>
            <x5>172</x5>
            <y5>219</y5>
            <x6>198</x6>
            <y6>232</y6>
            <x7>205</x7>
            <y7>237</y7>
            <x8>237</x8>
            <y8>242</y8>
            <x9>252</x9>
            <y9>247</y9>
            <x10>295</x10>
            <y10>263</y10>
            <x11>325</x11>
            <y11>274</y11>
            <x12>319</x12>
            <y12>283</y12>
            <x13>276</x13>
            <y13>279</y13>
            <x14>238</x14>
            <y14>260</y14>
            <x15>205</x15>
            <y15>252</y15>
            <x16>191</x16>
            <y16>255</y16>
            <x17>168</x17>
            <y17>255</y17>
            <x18>141</x18>
            <y18>247</y18>
            <x19>146</x19>
            <y19>257</y19>
            <x20>135</x20>
            <y20>260</y20>
            <x21>114</x21>
            <y21>260</y21>
            <x22>93</x22>
            <y22>263</y22>
            <x23>65</x23>
            <y23>263</y23>
            <x24>79</x24>
            <y24>252</y24>
            <x25>64</x25>
            <y25>252</y25>
            <x26>54</x26>
            <y26>265</y26>
            <x27>43</x27>
            <y27>265</y27>
            <x28>42</x28>
            <y28>251</y28>
        </polygon>
    </object>
</annotation>
