<?xml version="1.0" encoding="UTF-8" standalone="no"?>
<annotation>
    <folder>Images</folder>
    <filename>dd050.jpg</filename>
    <source>
        <database>Unknown</database>
    </source>
    <size>
        <width>440</width>
        <height>369</height>
        <depth>3</depth>
    </size>
    <segmented>0</segmented>
    <object>
        <name>晕倒及紧急情况</name>
        <pose>Unspecified</pose>
        <truncated>0</truncated>
        <difficult>0</difficult>
        <occluded>0</occluded>
        <polygon>
            <x1>201</x1>
            <y1>91</y1>
            <x2>167</x2>
            <y2>119</y2>
            <x3>151</x3>
            <y3>119</y3>
            <x4>129</x4>
            <y4>130</y4>
            <x5>132</x5>
            <y5>152</y5>
            <x6>134</x6>
            <y6>171</y6>
            <x7>148</x7>
            <y7>176</y7>
            <x8>186</x8>
            <y8>150</y8>
            <x9>202</x9>
            <y9>165</y9>
            <x10>185</x10>
            <y10>170</y10>
            <x11>170</x11>
            <y11>187</y11>
            <x12>147</x12>
            <y12>240</y12>
            <x13>196</x13>
            <y13>278</y13>
            <x14>217</x14>
            <y14>258</y14>
            <x15>221</x15>
            <y15>268</y15>
            <x16>180</x16>
            <y16>286</y16>
            <x17>210</x17>
            <y17>306</y17>
            <x18>239</x18>
            <y18>292</y18>
            <x19>268</x19>
            <y19>294</y19>
            <x20>272</x20>
            <y20>282</y20>
            <x21>252</x21>
            <y21>264</y21>
            <x22>241</x22>
            <y22>237</y22>
            <x23>273</x23>
            <y23>267</y23>
            <x24>283</x24>
            <y24>272</y24>
            <x25>285</x25>
            <y25>263</y25>
            <x26>322</x26>
            <y26>279</y26>
            <x27>377</x27>
            <y27>269</y27>
            <x28>361</x28>
            <y28>256</y28>
            <x29>381</x29>
            <y29>227</y29>
            <x30>377</x30>
            <y30>211</y30>
            <x31>330</x31>
            <y31>197</y31>
            <x32>306</x32>
            <y32>130</y32>
            <x33>252</x33>
            <y33>116</y33>
            <x34>201</x34>
            <y34>91</y34>
        </polygon>
    </object>
</annotation>
