<?xml version="1.0" encoding="UTF-8" standalone="no"?>
<annotation>
    <folder>Images</folder>
    <filename>dd052.jpg</filename>
    <source>
        <database>Unknown</database>
    </source>
    <size>
        <width>499</width>
        <height>325</height>
        <depth>3</depth>
    </size>
    <segmented>0</segmented>
    <object>
        <name>晕倒及紧急情况</name>
        <pose>Unspecified</pose>
        <truncated>0</truncated>
        <difficult>0</difficult>
        <occluded>0</occluded>
        <polygon>
            <x1>109</x1>
            <y1>264</y1>
            <x2>106</x2>
            <y2>271</y2>
            <x3>111</x3>
            <y3>284</y3>
            <x4>131</x4>
            <y4>296</y4>
            <x5>151</x5>
            <y5>278</y5>
            <x6>153</x6>
            <y6>295</y6>
            <x7>285</x7>
            <y7>294</y7>
            <x8>274</x8>
            <y8>277</y8>
            <x9>245</x9>
            <y9>274</y9>
            <x10>307</x10>
            <y10>263</y10>
            <x11>326</x11>
            <y11>243</y11>
            <x12>318</x12>
            <y12>230</y12>
            <x13>288</x13>
            <y13>246</y13>
            <x14>239</x14>
            <y14>245</y14>
            <x15>231</x15>
            <y15>217</y15>
            <x16>220</x16>
            <y16>214</y16>
            <x17>221</x17>
            <y17>235</y17>
            <x18>209</x18>
            <y18>241</y18>
            <x19>193</x19>
            <y19>233</y19>
            <x20>179</x20>
            <y20>230</y20>
            <x21>166</x21>
            <y21>232</y21>
            <x22>151</x22>
            <y22>235</y22>
            <x23>146</x23>
            <y23>240</y23>
            <x24>122</x24>
            <y24>249</y24>
            <x25>109</x25>
            <y25>264</y25>
        </polygon>
    </object>
</annotation>
