<?xml version="1.0" encoding="UTF-8" standalone="no"?>
<annotation>
    <folder>Images</folder>
    <filename>dd069.jpg</filename>
    <source>
        <database>Unknown</database>
    </source>
    <size>
        <width>500</width>
        <height>333</height>
        <depth>3</depth>
    </size>
    <segmented>0</segmented>
    <object>
        <name>晕倒及紧急情况</name>
        <pose>Unspecified</pose>
        <truncated>0</truncated>
        <difficult>0</difficult>
        <occluded>0</occluded>
        <polygon>
            <x1>124</x1>
            <y1>279</y1>
            <x2>124</x2>
            <y2>315</y2>
            <x3>334</x3>
            <y3>317</y3>
            <x4>321</x4>
            <y4>270</y4>
            <x5>276</x5>
            <y5>267</y5>
            <x6>259</x6>
            <y6>279</y6>
            <x7>224</x7>
            <y7>279</y7>
            <x8>189</x8>
            <y8>282</y8>
            <x9>175</x9>
            <y9>292</y9>
            <x10>156</x10>
            <y10>291</y10>
            <x11>148</x11>
            <y11>299</y11>
            <x12>124</x12>
            <y12>279</y12>
        </polygon>
    </object>
</annotation>
