<?xml version="1.0" encoding="UTF-8" standalone="no"?>
<annotation>
    <folder>Images</folder>
    <filename>dd067.jpg</filename>
    <source>
        <database>Unknown</database>
    </source>
    <size>
        <width>500</width>
        <height>375</height>
        <depth>3</depth>
    </size>
    <segmented>0</segmented>
    <object>
        <name>晕倒及紧急情况</name>
        <pose>Unspecified</pose>
        <truncated>0</truncated>
        <difficult>0</difficult>
        <occluded>0</occluded>
        <polygon>
            <x1>165</x1>
            <y1>281</y1>
            <x2>154</x2>
            <y2>309</y2>
            <x3>165</x3>
            <y3>326</y3>
            <x4>199</x4>
            <y4>317</y4>
            <x5>207</x5>
            <y5>296</y5>
            <x6>252</x6>
            <y6>348</y6>
            <x7>285</x7>
            <y7>342</y7>
            <x8>325</x8>
            <y8>359</y8>
            <x9>360</x9>
            <y9>331</y9>
            <x10>360</x10>
            <y10>321</y10>
            <x11>334</x11>
            <y11>316</y11>
            <x12>310</x12>
            <y12>301</y12>
            <x13>441</x13>
            <y13>297</y13>
            <x14>476</x14>
            <y14>261</y14>
            <x15>467</x15>
            <y15>246</y15>
            <x16>454</x16>
            <y16>271</y16>
            <x17>432</x17>
            <y17>281</y17>
            <x18>362</x18>
            <y18>271</y18>
            <x19>432</x19>
            <y19>267</y19>
            <x20>439</x20>
            <y20>224</y20>
            <x21>424</x21>
            <y21>221</y21>
            <x22>411</x22>
            <y22>248</y22>
            <x23>360</x23>
            <y23>249</y23>
            <x24>263</x24>
            <y24>251</y24>
            <x25>274</x25>
            <y25>235</y25>
            <x26>274</x26>
            <y26>218</y26>
            <x27>236</x27>
            <y27>157</y27>
            <x28>206</x28>
            <y28>151</y28>
            <x29>178</x29>
            <y29>142</y29>
            <x30>159</x30>
            <y30>149</y30>
            <x31>162</x31>
            <y31>176</y31>
            <x32>169</x32>
            <y32>256</y32>
            <x33>171</x33>
            <y33>269</y33>
            <x34>165</x34>
            <y34>281</y34>
        </polygon>
    </object>
</annotation>
