<?xml version="1.0" encoding="UTF-8" standalone="no"?>
<annotation>
    <folder>Images</folder>
    <filename>dd065.jpg</filename>
    <source>
        <database>Unknown</database>
    </source>
    <size>
        <width>250</width>
        <height>300</height>
        <depth>3</depth>
    </size>
    <segmented>0</segmented>
    <object>
        <name>晕倒及紧急情况</name>
        <pose>Unspecified</pose>
        <truncated>0</truncated>
        <difficult>0</difficult>
        <occluded>0</occluded>
        <polygon>
            <x1>245</x1>
            <y1>255</y1>
            <x2>235</x2>
            <y2>220</y2>
            <x3>201</x3>
            <y3>208</y3>
            <x4>183</x4>
            <y4>206</y4>
            <x5>180</x5>
            <y5>192</y5>
            <x6>167</x6>
            <y6>169</y6>
            <x7>149</x7>
            <y7>162</y7>
            <x8>139</x8>
            <y8>162</y8>
            <x9>118</x9>
            <y9>157</y9>
            <x10>108</x10>
            <y10>149</y10>
            <x11>94</x11>
            <y11>145</y11>
            <x12>72</x12>
            <y12>145</y12>
            <x13>53</x13>
            <y13>145</y13>
            <x14>49</x14>
            <y14>157</y14>
            <x15>53</x15>
            <y15>167</y15>
            <x16>66</x16>
            <y16>169</y16>
            <x17>75</x17>
            <y17>157</y17>
            <x18>106</x18>
            <y18>170</y18>
            <x19>145</x19>
            <y19>184</y19>
            <x20>96</x20>
            <y20>192</y20>
            <x21>81</x21>
            <y21>190</y21>
            <x22>73</x22>
            <y22>182</y22>
            <x23>65</x23>
            <y23>178</y23>
            <x24>45</x24>
            <y24>184</y24>
            <x25>36</x25>
            <y25>189</y25>
            <x26>28</x26>
            <y26>202</y26>
            <x27>26</x27>
            <y27>211</y27>
            <x28>27</x28>
            <y28>223</y28>
            <x29>34</x29>
            <y29>237</y29>
            <x30>3</x30>
            <y30>268</y30>
            <x31>12</x31>
            <y31>281</y31>
            <x32>39</x32>
            <y32>278</y32>
            <x33>38</x33>
            <y33>266</y33>
            <x34>43</x34>
            <y34>256</y34>
            <x35>50</x35>
            <y35>263</y35>
            <x36>66</x36>
            <y36>282</y36>
            <x37>90</x37>
            <y37>279</y37>
            <x38>111</x38>
            <y38>275</y38>
            <x39>149</x39>
            <y39>259</y39>
            <x40>156</x40>
            <y40>257</y40>
            <x41>158</x41>
            <y41>274</y41>
            <x42>178</x42>
            <y42>274</y42>
            <x43>181</x43>
            <y43>265</y43>
            <x44>199</x44>
            <y44>259</y44>
            <x45>198</x45>
            <y45>247</y45>
            <x46>205</x46>
            <y46>259</y46>
            <x47>231</x47>
            <y47>264</y47>
            <x48>245</x48>
            <y48>255</y48>
        </polygon>
    </object>
</annotation>
