<?xml version="1.0" encoding="UTF-8" standalone="no"?>
<annotation>
    <folder>Images</folder>
    <filename>dd064.jpg</filename>
    <source>
        <database>Unknown</database>
    </source>
    <size>
        <width>500</width>
        <height>332</height>
        <depth>3</depth>
    </size>
    <segmented>0</segmented>
    <object>
        <name>晕倒及紧急情况</name>
        <pose>Unspecified</pose>
        <truncated>0</truncated>
        <difficult>0</difficult>
        <occluded>0</occluded>
        <polygon>
            <x1>269</x1>
            <y1>171</y1>
            <x2>232</x2>
            <y2>198</y2>
            <x3>229</x3>
            <y3>215</y3>
            <x4>110</x4>
            <y4>248</y4>
            <x5>102</x5>
            <y5>277</y5>
            <x6>179</x6>
            <y6>269</y6>
            <x7>231</x7>
            <y7>252</y7>
            <x8>273</x8>
            <y8>275</y8>
            <x9>284</x9>
            <y9>289</y9>
            <x10>292</x10>
            <y10>329</y10>
            <x11>438</x11>
            <y11>331</y11>
            <x12>405</x12>
            <y12>240</y12>
            <x13>382</x13>
            <y13>240</y13>
            <x14>360</x14>
            <y14>226</y14>
            <x15>399</x15>
            <y15>211</y15>
            <x16>382</x16>
            <y16>191</y16>
            <x17>357</x17>
            <y17>203</y17>
            <x18>347</x18>
            <y18>210</y18>
            <x19>325</x19>
            <y19>197</y19>
            <x20>307</x20>
            <y20>189</y20>
            <x21>269</x21>
            <y21>171</y21>
        </polygon>
    </object>
</annotation>
