<?xml version="1.0" encoding="UTF-8" standalone="no"?>
<annotation>
    <folder>Images</folder>
    <filename>dd061.jpg</filename>
    <source>
        <database>Unknown</database>
    </source>
    <size>
        <width>440</width>
        <height>454</height>
        <depth>3</depth>
    </size>
    <segmented>0</segmented>
    <object>
        <name>晕倒及紧急情况</name>
        <pose>Unspecified</pose>
        <truncated>0</truncated>
        <difficult>0</difficult>
        <occluded>0</occluded>
        <polygon>
            <x1>274</x1>
            <y1>139</y1>
            <x2>263</x2>
            <y2>150</y2>
            <x3>265</x3>
            <y3>171</y3>
            <x4>248</x4>
            <y4>199</y4>
            <x5>230</x5>
            <y5>210</y5>
            <x6>176</x6>
            <y6>215</y6>
            <x7>119</x7>
            <y7>215</y7>
            <x8>108</x8>
            <y8>230</y8>
            <x9>145</x9>
            <y9>246</y9>
            <x10>230</x10>
            <y10>262</y10>
            <x11>235</x11>
            <y11>277</y11>
            <x12>153</x12>
            <y12>303</y12>
            <x13>115</x13>
            <y13>299</y13>
            <x14>105</x14>
            <y14>317</y14>
            <x15>127</x15>
            <y15>337</y15>
            <x16>199</x16>
            <y16>324</y16>
            <x17>270</x17>
            <y17>321</y17>
            <x18>315</x18>
            <y18>346</y18>
            <x19>363</x19>
            <y19>296</y19>
            <x20>354</x20>
            <y20>264</y20>
            <x21>435</x21>
            <y21>253</y21>
            <x22>437</x22>
            <y22>224</y22>
            <x23>426</x23>
            <y23>230</y23>
            <x24>391</x24>
            <y24>228</y24>
            <x25>371</x25>
            <y25>226</y25>
            <x26>342</x26>
            <y26>226</y26>
            <x27>307</x27>
            <y27>209</y27>
            <x28>296</x28>
            <y28>191</y28>
            <x29>274</x29>
            <y29>139</y29>
        </polygon>
    </object>
</annotation>
