<?xml version="1.0" encoding="UTF-8" standalone="no"?>
<annotation>
    <folder>Images</folder>
    <filename>dd062.jpg</filename>
    <source>
        <database>Unknown</database>
    </source>
    <size>
        <width>500</width>
        <height>451</height>
        <depth>3</depth>
    </size>
    <segmented>0</segmented>
    <object>
        <name>晕倒及紧急情况</name>
        <pose>Unspecified</pose>
        <truncated>0</truncated>
        <difficult>0</difficult>
        <occluded>0</occluded>
        <polygon>
            <x1>170</x1>
            <y1>264</y1>
            <x2>171</x2>
            <y2>280</y2>
            <x3>163</x3>
            <y3>299</y3>
            <x4>152</x4>
            <y4>300</y4>
            <x5>151</x5>
            <y5>272</y5>
            <x6>139</x6>
            <y6>261</y6>
            <x7>130</x7>
            <y7>267</y7>
            <x8>135</x8>
            <y8>296</y8>
            <x9>139</x9>
            <y9>310</y9>
            <x10>141</x10>
            <y10>341</y10>
            <x11>171</x11>
            <y11>314</y11>
            <x12>184</x12>
            <y12>330</y12>
            <x13>180</x13>
            <y13>447</y13>
            <x14>223</x14>
            <y14>447</y14>
            <x15>227</x15>
            <y15>350</y15>
            <x16>254</x16>
            <y16>366</y16>
            <x17>337</x17>
            <y17>414</y17>
            <x18>338</x18>
            <y18>429</y18>
            <x19>339</x19>
            <y19>445</y19>
            <x20>414</x20>
            <y20>434</y20>
            <x21>420</x21>
            <y21>403</y21>
            <x22>362</x22>
            <y22>396</y22>
            <x23>330</x23>
            <y23>377</y23>
            <x24>297</x24>
            <y24>351</y24>
            <x25>257</x25>
            <y25>323</y25>
            <x26>245</x26>
            <y26>298</y26>
            <x27>254</x27>
            <y27>294</y27>
            <x28>254</x28>
            <y28>270</y28>
            <x29>214</x29>
            <y29>263</y29>
            <x30>195</x30>
            <y30>247</y30>
            <x31>177</x31>
            <y31>247</y31>
            <x32>170</x32>
            <y32>264</y32>
        </polygon>
    </object>
</annotation>
