<?xml version="1.0" encoding="UTF-8" standalone="no"?>
<annotation>
    <folder>Images</folder>
    <filename>dd066.jpg</filename>
    <source>
        <database>Unknown</database>
    </source>
    <size>
        <width>500</width>
        <height>333</height>
        <depth>3</depth>
    </size>
    <segmented>0</segmented>
    <object>
        <name>晕倒及紧急情况</name>
        <pose>Unspecified</pose>
        <truncated>0</truncated>
        <difficult>0</difficult>
        <occluded>0</occluded>
        <polygon>
            <x1>209</x1>
            <y1>24</y1>
            <x2>174</x2>
            <y2>64</y2>
            <x3>211</x3>
            <y3>109</y3>
            <x4>169</x4>
            <y4>174</y4>
            <x5>152</x5>
            <y5>178</y5>
            <x6>140</x6>
            <y6>203</y6>
            <x7>169</x7>
            <y7>217</y7>
            <x8>179</x8>
            <y8>202</y8>
            <x9>220</x9>
            <y9>204</y9>
            <x10>237</x10>
            <y10>237</y10>
            <x11>205</x11>
            <y11>285</y11>
            <x12>244</x12>
            <y12>275</y12>
            <x13>202</x13>
            <y13>304</y13>
            <x14>220</x14>
            <y14>326</y14>
            <x15>304</x15>
            <y15>285</y15>
            <x16>296</x16>
            <y16>264</y16>
            <x17>314</x17>
            <y17>252</y17>
            <x18>290</x18>
            <y18>224</y18>
            <x19>279</x19>
            <y19>188</y19>
            <x20>355</x20>
            <y20>209</y20>
            <x21>394</x21>
            <y21>180</y21>
            <x22>400</x22>
            <y22>145</y22>
            <x23>405</x23>
            <y23>119</y23>
            <x24>376</x24>
            <y24>87</y24>
            <x25>296</x25>
            <y25>29</y25>
            <x26>263</x26>
            <y26>14</y26>
            <x27>245</x27>
            <y27>34</y27>
            <x28>209</x28>
            <y28>24</y28>
        </polygon>
    </object>
</annotation>
