<?xml version="1.0" encoding="UTF-8" standalone="no"?>
<annotation>
    <folder>Images</folder>
    <filename>dd068.jpg</filename>
    <source>
        <database>Unknown</database>
    </source>
    <size>
        <width>500</width>
        <height>666</height>
        <depth>3</depth>
    </size>
    <segmented>0</segmented>
    <object>
        <name>晕倒及紧急情况</name>
        <pose>Unspecified</pose>
        <truncated>0</truncated>
        <difficult>0</difficult>
        <occluded>0</occluded>
        <polygon>
            <x1>278</x1>
            <y1>308</y1>
            <x2>216</x2>
            <y2>395</y2>
            <x3>158</x3>
            <y3>397</y3>
            <x4>165</x4>
            <y4>450</y4>
            <x5>5</x5>
            <y5>617</y5>
            <x6>5</x6>
            <y6>660</y6>
            <x7>33</x7>
            <y7>663</y7>
            <x8>65</x8>
            <y8>628</y8>
            <x9>162</x9>
            <y9>528</y9>
            <x10>189</x10>
            <y10>523</y10>
            <x11>183</x11>
            <y11>551</y11>
            <x12>152</x12>
            <y12>621</y12>
            <x13>175</x13>
            <y13>631</y13>
            <x14>209</x14>
            <y14>617</y14>
            <x15>235</x15>
            <y15>543</y15>
            <x16>225</x16>
            <y16>531</y16>
            <x17>223</x17>
            <y17>488</y17>
            <x18>261</x18>
            <y18>493</y18>
            <x19>281</x19>
            <y19>504</y19>
            <x20>301</x20>
            <y20>463</y20>
            <x21>328</x21>
            <y21>450</y21>
            <x22>348</x22>
            <y22>448</y22>
            <x23>333</x23>
            <y23>405</y23>
            <x24>355</x24>
            <y24>413</y24>
            <x25>379</x25>
            <y25>407</y25>
            <x26>378</x26>
            <y26>380</y26>
            <x27>369</x27>
            <y27>353</y27>
            <x28>349</x28>
            <y28>334</y28>
            <x29>338</x29>
            <y29>305</y29>
            <x30>321</x30>
            <y30>294</y30>
            <x31>315</x31>
            <y31>311</y31>
            <x32>301</x32>
            <y32>325</y32>
            <x33>278</x33>
            <y33>308</y33>
        </polygon>
    </object>
</annotation>
