<?xml version="1.0" encoding="UTF-8" standalone="no"?>
<annotation>
    <folder>Images</folder>
    <filename>dd060.jpg</filename>
    <source>
        <database>Unknown</database>
    </source>
    <size>
        <width>500</width>
        <height>370</height>
        <depth>3</depth>
    </size>
    <segmented>0</segmented>
    <object>
        <name>晕倒及紧急情况</name>
        <pose>Unspecified</pose>
        <truncated>0</truncated>
        <difficult>0</difficult>
        <occluded>0</occluded>
        <polygon>
            <x1>166</x1>
            <y1>165</y1>
            <x2>149</x2>
            <y2>206</y2>
            <x3>145</x3>
            <y3>237</y3>
            <x4>201</x4>
            <y4>280</y4>
            <x5>243</x5>
            <y5>327</y5>
            <x6>290</x6>
            <y6>339</y6>
            <x7>297</x7>
            <y7>323</y7>
            <x8>308</x8>
            <y8>303</y8>
            <x9>302</x9>
            <y9>269</y9>
            <x10>334</x10>
            <y10>238</y10>
            <x11>313</x11>
            <y11>186</y11>
            <x12>302</x12>
            <y12>180</y12>
            <x13>253</x13>
            <y13>169</y13>
            <x14>218</x14>
            <y14>205</y14>
            <x15>230</x15>
            <y15>177</y15>
            <x16>166</x16>
            <y16>165</y16>
        </polygon>
    </object>
</annotation>
