<?xml version="1.0" encoding="UTF-8" standalone="no"?>
<annotation>
    <folder>Images</folder>
    <filename>dd079.jpg</filename>
    <source>
        <database>Unknown</database>
    </source>
    <size>
        <width>500</width>
        <height>527</height>
        <depth>3</depth>
    </size>
    <segmented>0</segmented>
    <object>
        <name>晕倒及紧急情况</name>
        <pose>Unspecified</pose>
        <truncated>0</truncated>
        <difficult>0</difficult>
        <occluded>0</occluded>
        <polygon>
            <x1>138</x1>
            <y1>235</y1>
            <x2>123</x2>
            <y2>246</y2>
            <x3>149</x3>
            <y3>275</y3>
            <x4>144</x4>
            <y4>298</y4>
            <x5>157</x5>
            <y5>325</y5>
            <x6>137</x6>
            <y6>383</y6>
            <x7>122</x7>
            <y7>377</y7>
            <x8>93</x8>
            <y8>370</y8>
            <x9>107</x9>
            <y9>417</y9>
            <x10>134</x10>
            <y10>434</y10>
            <x11>166</x11>
            <y11>459</y11>
            <x12>234</x12>
            <y12>454</y12>
            <x13>258</x13>
            <y13>493</y13>
            <x14>305</x14>
            <y14>491</y14>
            <x15>316</x15>
            <y15>470</y15>
            <x16>312</x16>
            <y16>443</y16>
            <x17>326</x17>
            <y17>431</y17>
            <x18>334</x18>
            <y18>399</y18>
            <x19>352</x19>
            <y19>399</y19>
            <x20>337</x20>
            <y20>347</y20>
            <x21>304</x21>
            <y21>349</y21>
            <x22>270</x22>
            <y22>307</y22>
            <x23>223</x23>
            <y23>264</y23>
            <x24>202</x24>
            <y24>262</y24>
            <x25>202</x25>
            <y25>294</y25>
            <x26>138</x26>
            <y26>235</y26>
        </polygon>
    </object>
</annotation>
