<?xml version="1.0" encoding="UTF-8" standalone="no"?>
<annotation>
    <folder>Images</folder>
    <filename>dd071.jpg</filename>
    <source>
        <database>Unknown</database>
    </source>
    <size>
        <width>500</width>
        <height>333</height>
        <depth>3</depth>
    </size>
    <segmented>0</segmented>
    <object>
        <name>晕倒及紧急情况</name>
        <pose>Unspecified</pose>
        <truncated>0</truncated>
        <difficult>0</difficult>
        <occluded>0</occluded>
        <polygon>
            <x1>364</x1>
            <y1>317</y1>
            <x2>390</x2>
            <y2>272</y2>
            <x3>366</x3>
            <y3>250</y3>
            <x4>346</x4>
            <y4>237</y4>
            <x5>319</x5>
            <y5>234</y5>
            <x6>297</x6>
            <y6>234</y6>
            <x7>269</x7>
            <y7>226</y7>
            <x8>245</x8>
            <y8>219</y8>
            <x9>194</x9>
            <y9>199</y9>
            <x10>179</x10>
            <y10>186</y10>
            <x11>166</x11>
            <y11>189</y11>
            <x12>160</x12>
            <y12>202</y12>
            <x13>56</x13>
            <y13>174</y13>
            <x14>1</x14>
            <y14>163</y14>
            <x15>2</x15>
            <y15>203</y15>
            <x16>59</x16>
            <y16>213</y16>
            <x17>2</x17>
            <y17>218</y17>
            <x18>2</x18>
            <y18>262</y18>
            <x19>94</x19>
            <y19>285</y19>
            <x20>172</x20>
            <y20>299</y20>
            <x21>66</x21>
            <y21>302</y21>
            <x22>41</x22>
            <y22>292</y22>
            <x23>19</x23>
            <y23>289</y23>
            <x24>18</x24>
            <y24>326</y24>
            <x25>46</x25>
            <y25>332</y25>
            <x26>130</x26>
            <y26>330</y26>
            <x27>215</x27>
            <y27>329</y27>
            <x28>269</x28>
            <y28>330</y28>
            <x29>294</x29>
            <y29>319</y29>
            <x30>306</x30>
            <y30>306</y30>
            <x31>313</x31>
            <y31>301</y31>
            <x32>321</x32>
            <y32>314</y32>
            <x33>331</x33>
            <y33>325</y33>
            <x34>349</x34>
            <y34>325</y34>
            <x35>364</x35>
            <y35>317</y35>
        </polygon>
    </object>
</annotation>
