<?xml version="1.0" encoding="UTF-8" standalone="no"?>
<annotation>
    <folder>Images</folder>
    <filename>dd073.jpg</filename>
    <source>
        <database>Unknown</database>
    </source>
    <size>
        <width>300</width>
        <height>168</height>
        <depth>3</depth>
    </size>
    <segmented>0</segmented>
    <object>
        <name>晕倒及紧急情况</name>
        <pose>Unspecified</pose>
        <truncated>0</truncated>
        <difficult>0</difficult>
        <occluded>0</occluded>
        <polygon>
            <x1>195</x1>
            <y1>90</y1>
            <x2>192</x2>
            <y2>79</y2>
            <x3>227</x3>
            <y3>86</y3>
            <x4>230</x4>
            <y4>106</y4>
            <x5>219</x5>
            <y5>118</y5>
            <x6>212</x6>
            <y6>117</y6>
            <x7>206</x7>
            <y7>146</y7>
            <x8>195</x8>
            <y8>149</y8>
            <x9>179</x9>
            <y9>163</y9>
            <x10>160</x10>
            <y10>153</y10>
            <x11>137</x11>
            <y11>162</y11>
            <x12>131</x12>
            <y12>153</y12>
            <x13>27</x13>
            <y13>166</y13>
            <x14>58</x14>
            <y14>153</y14>
            <x15>2</x15>
            <y15>166</y15>
            <x16>1</x16>
            <y16>146</y16>
            <x17>93</x17>
            <y17>112</y17>
            <x18>91</x18>
            <y18>95</y18>
            <x19>120</x19>
            <y19>93</y19>
            <x20>148</x20>
            <y20>89</y20>
            <x21>174</x21>
            <y21>92</y21>
            <x22>195</x22>
            <y22>90</y22>
        </polygon>
    </object>
</annotation>
