<?xml version="1.0" encoding="UTF-8" standalone="no"?>
<annotation>
    <folder>Images</folder>
    <filename>dd077.jpg</filename>
    <source>
        <database>Unknown</database>
    </source>
    <size>
        <width>640</width>
        <height>388</height>
        <depth>3</depth>
    </size>
    <segmented>0</segmented>
    <object>
        <name>晕倒及紧急情况</name>
        <pose>Unspecified</pose>
        <truncated>0</truncated>
        <difficult>0</difficult>
        <occluded>0</occluded>
        <polygon>
            <x1>296</x1>
            <y1>278</y1>
            <x2>272</x2>
            <y2>286</y2>
            <x3>269</x3>
            <y3>297</y3>
            <x4>252</x4>
            <y4>282</y4>
            <x5>242</x5>
            <y5>290</y5>
            <x6>267</x6>
            <y6>308</y6>
            <x7>274</x7>
            <y7>331</y7>
            <x8>285</x8>
            <y8>330</y8>
            <x9>323</x9>
            <y9>352</y9>
            <x10>382</x10>
            <y10>364</y10>
            <x11>411</x11>
            <y11>381</y11>
            <x12>443</x12>
            <y12>362</y12>
            <x13>479</x13>
            <y13>387</y13>
            <x14>519</x14>
            <y14>379</y14>
            <x15>563</x15>
            <y15>387</y15>
            <x16>583</x16>
            <y16>366</y16>
            <x17>537</x17>
            <y17>361</y17>
            <x18>488</x18>
            <y18>334</y18>
            <x19>477</x19>
            <y19>327</y19>
            <x20>455</x20>
            <y20>312</y20>
            <x21>426</x21>
            <y21>296</y21>
            <x22>402</x22>
            <y22>296</y22>
            <x23>379</x23>
            <y23>300</y23>
            <x24>343</x24>
            <y24>286</y24>
            <x25>333</x25>
            <y25>284</y25>
            <x26>320</x26>
            <y26>293</y26>
            <x27>296</x27>
            <y27>278</y27>
        </polygon>
    </object>
</annotation>
