<?xml version="1.0" encoding="UTF-8" standalone="no"?>
<annotation>
    <folder>Images</folder>
    <filename>dd076.jpg</filename>
    <source>
        <database>Unknown</database>
    </source>
    <size>
        <width>437</width>
        <height>486</height>
        <depth>3</depth>
    </size>
    <segmented>0</segmented>
    <object>
        <name>晕倒及紧急情况</name>
        <pose>Unspecified</pose>
        <truncated>0</truncated>
        <difficult>0</difficult>
        <occluded>0</occluded>
        <polygon>
            <x1>222</x1>
            <y1>137</y1>
            <x2>131</x2>
            <y2>290</y2>
            <x3>144</x3>
            <y3>332</y3>
            <x4>162</x4>
            <y4>367</y4>
            <x5>230</x5>
            <y5>377</y5>
            <x6>213</x6>
            <y6>326</y6>
            <x7>261</x7>
            <y7>320</y7>
            <x8>281</x8>
            <y8>305</y8>
            <x9>279</x9>
            <y9>265</y9>
            <x10>291</x10>
            <y10>265</y10>
            <x11>264</x11>
            <y11>220</y11>
            <x12>264</x12>
            <y12>198</y12>
            <x13>291</x13>
            <y13>174</y13>
            <x14>294</x14>
            <y14>159</y14>
            <x15>277</x15>
            <y15>152</y15>
            <x16>264</x16>
            <y16>168</y16>
            <x17>247</x17>
            <y17>200</y17>
            <x18>228</x18>
            <y18>192</y18>
            <x19>239</x19>
            <y19>139</y19>
            <x20>222</x20>
            <y20>137</y20>
        </polygon>
    </object>
</annotation>
