<?xml version="1.0" encoding="UTF-8" standalone="no"?>
<annotation>
    <folder>Images</folder>
    <filename>dd074.jpg</filename>
    <source>
        <database>Unknown</database>
    </source>
    <size>
        <width>500</width>
        <height>326</height>
        <depth>3</depth>
    </size>
    <segmented>0</segmented>
    <object>
        <name>晕倒及紧急情况</name>
        <pose>Unspecified</pose>
        <truncated>0</truncated>
        <difficult>0</difficult>
        <occluded>0</occluded>
        <polygon>
            <x1>288</x1>
            <y1>260</y1>
            <x2>215</x2>
            <y2>198</y2>
            <x3>162</x3>
            <y3>153</y3>
            <x4>190</x4>
            <y4>84</y4>
            <x5>220</x5>
            <y5>85</y5>
            <x6>249</x6>
            <y6>64</y6>
            <x7>256</x7>
            <y7>46</y7>
            <x8>259</x8>
            <y8>37</y8>
            <x9>300</x9>
            <y9>53</y9>
            <x10>359</x10>
            <y10>77</y10>
            <x11>360</x11>
            <y11>102</y11>
            <x12>360</x12>
            <y12>123</y12>
            <x13>339</x13>
            <y13>162</y13>
            <x14>299</x14>
            <y14>191</y14>
            <x15>292</x15>
            <y15>198</y15>
            <x16>321</x16>
            <y16>224</y16>
            <x17>331</x17>
            <y17>246</y17>
            <x18>288</x18>
            <y18>260</y18>
        </polygon>
    </object>
</annotation>
