<?xml version="1.0" encoding="UTF-8" standalone="no"?>
<annotation>
    <folder>Images</folder>
    <filename>dd078.jpg</filename>
    <source>
        <database>Unknown</database>
    </source>
    <size>
        <width>320</width>
        <height>213</height>
        <depth>3</depth>
    </size>
    <segmented>0</segmented>
    <object>
        <name>晕倒及紧急情况</name>
        <pose>Unspecified</pose>
        <truncated>0</truncated>
        <difficult>0</difficult>
        <occluded>0</occluded>
        <polygon>
            <x1>111</x1>
            <y1>122</y1>
            <x2>106</x2>
            <y2>137</y2>
            <x3>115</x3>
            <y3>143</y3>
            <x4>155</x4>
            <y4>148</y4>
            <x5>214</x5>
            <y5>136</y5>
            <x6>215</x6>
            <y6>111</y6>
            <x7>186</x7>
            <y7>111</y7>
            <x8>173</x8>
            <y8>98</y8>
            <x9>167</x9>
            <y9>98</y9>
            <x10>156</x10>
            <y10>107</y10>
            <x11>135</x11>
            <y11>101</y11>
            <x12>123</x12>
            <y12>105</y12>
            <x13>115</x13>
            <y13>108</y13>
            <x14>111</x14>
            <y14>122</y14>
        </polygon>
    </object>
</annotation>
