<?xml version="1.0" encoding="UTF-8" standalone="no"?>
<annotation>
    <folder>Images</folder>
    <filename>dd072.jpg</filename>
    <source>
        <database>Unknown</database>
    </source>
    <size>
        <width>500</width>
        <height>349</height>
        <depth>3</depth>
    </size>
    <segmented>0</segmented>
    <object>
        <name>晕倒及紧急情况</name>
        <pose>Unspecified</pose>
        <truncated>0</truncated>
        <difficult>0</difficult>
        <occluded>0</occluded>
        <polygon>
            <x1>274</x1>
            <y1>194</y1>
            <x2>258</x2>
            <y2>198</y2>
            <x3>258</x3>
            <y3>210</y3>
            <x4>255</x4>
            <y4>217</y4>
            <x5>231</x5>
            <y5>249</y5>
            <x6>235</x6>
            <y6>292</y6>
            <x7>250</x7>
            <y7>302</y7>
            <x8>263</x8>
            <y8>285</y8>
            <x9>257</x9>
            <y9>249</y9>
            <x10>313</x10>
            <y10>324</y10>
            <x11>333</x11>
            <y11>346</y11>
            <x12>374</x12>
            <y12>343</y12>
            <x13>349</x13>
            <y13>332</y13>
            <x14>333</x14>
            <y14>296</y14>
            <x15>344</x15>
            <y15>294</y15>
            <x16>370</x16>
            <y16>334</y16>
            <x17>379</x17>
            <y17>343</y17>
            <x18>440</x18>
            <y18>347</y18>
            <x19>438</x19>
            <y19>329</y19>
            <x20>396</x20>
            <y20>329</y20>
            <x21>372</x21>
            <y21>277</y21>
            <x22>337</x22>
            <y22>231</y22>
            <x23>305</x23>
            <y23>203</y23>
            <x24>289</x24>
            <y24>209</y24>
            <x25>274</x25>
            <y25>194</y25>
        </polygon>
    </object>
</annotation>
