<?xml version="1.0" encoding="UTF-8" standalone="no"?>
<annotation>
    <folder>Images</folder>
    <filename>dd075.jpg</filename>
    <source>
        <database>Unknown</database>
    </source>
    <size>
        <width>500</width>
        <height>368</height>
        <depth>3</depth>
    </size>
    <segmented>0</segmented>
    <object>
        <name>晕倒及紧急情况</name>
        <pose>Unspecified</pose>
        <truncated>0</truncated>
        <difficult>0</difficult>
        <occluded>0</occluded>
        <polygon>
            <x1>331</x1>
            <y1>213</y1>
            <x2>270</x2>
            <y2>158</y2>
            <x3>220</x3>
            <y3>158</y3>
            <x4>196</x4>
            <y4>150</y4>
            <x5>185</x5>
            <y5>107</y5>
            <x6>163</x6>
            <y6>104</y6>
            <x7>74</x7>
            <y7>139</y7>
            <x8>3</x8>
            <y8>121</y8>
            <x9>5</x9>
            <y9>269</y9>
            <x10>159</x10>
            <y10>231</y10>
            <x11>177</x11>
            <y11>256</y11>
            <x12>287</x12>
            <y12>242</y12>
            <x13>334</x13>
            <y13>240</y13>
            <x14>339</x14>
            <y14>223</y14>
            <x15>331</x15>
            <y15>213</y15>
        </polygon>
    </object>
</annotation>
