<?xml version="1.0" encoding="UTF-8" standalone="no"?>
<annotation>
    <folder>Images</folder>
    <filename>dd087.jpg</filename>
    <source>
        <database>Unknown</database>
    </source>
    <size>
        <width>500</width>
        <height>332</height>
        <depth>3</depth>
    </size>
    <segmented>0</segmented>
    <object>
        <name>晕倒及紧急情况</name>
        <pose>Unspecified</pose>
        <truncated>0</truncated>
        <difficult>0</difficult>
        <occluded>0</occluded>
        <polygon>
            <x1>65</x1>
            <y1>174</y1>
            <x2>90</x2>
            <y2>140</y2>
            <x3>145</x3>
            <y3>144</y3>
            <x4>151</x4>
            <y4>154</y4>
            <x5>163</x5>
            <y5>102</y5>
            <x6>181</x6>
            <y6>97</y6>
            <x7>290</x7>
            <y7>75</y7>
            <x8>359</x8>
            <y8>61</y8>
            <x9>390</x9>
            <y9>60</y9>
            <x10>400</x10>
            <y10>79</y10>
            <x11>394</x11>
            <y11>95</y11>
            <x12>339</x12>
            <y12>92</y12>
            <x13>337</x13>
            <y13>84</y13>
            <x14>258</x14>
            <y14>114</y14>
            <x15>497</x15>
            <y15>101</y15>
            <x16>498</x16>
            <y16>154</y16>
            <x17>394</x17>
            <y17>167</y17>
            <x18>497</x18>
            <y18>190</y18>
            <x19>497</x19>
            <y19>238</y19>
            <x20>237</x20>
            <y20>227</y20>
            <x21>341</x21>
            <y21>265</y21>
            <x22>371</x22>
            <y22>248</y22>
            <x23>398</x23>
            <y23>252</y23>
            <x24>380</x24>
            <y24>289</y24>
            <x25>234</x25>
            <y25>263</y25>
            <x26>161</x26>
            <y26>237</y26>
            <x27>150</x27>
            <y27>192</y27>
            <x28>112</x28>
            <y28>207</y28>
            <x29>80</x29>
            <y29>204</y29>
            <x30>66</x30>
            <y30>200</y30>
            <x31>65</x31>
            <y31>174</y31>
        </polygon>
    </object>
</annotation>
