<?xml version="1.0" encoding="UTF-8" standalone="no"?>
<annotation>
    <folder>Images</folder>
    <filename>dd081.jpg</filename>
    <source>
        <database>Unknown</database>
    </source>
    <size>
        <width>500</width>
        <height>375</height>
        <depth>3</depth>
    </size>
    <segmented>0</segmented>
    <object>
        <name>晕倒及紧急情况</name>
        <pose>Unspecified</pose>
        <truncated>0</truncated>
        <difficult>0</difficult>
        <occluded>0</occluded>
        <polygon>
            <x1>371</x1>
            <y1>190</y1>
            <x2>369</x2>
            <y2>158</y2>
            <x3>340</x3>
            <y3>143</y3>
            <x4>306</x4>
            <y4>149</y4>
            <x5>298</x5>
            <y5>117</y5>
            <x6>282</x6>
            <y6>98</y6>
            <x7>252</x7>
            <y7>82</y7>
            <x8>232</x8>
            <y8>77</y8>
            <x9>219</x9>
            <y9>87</y9>
            <x10>199</x10>
            <y10>93</y10>
            <x11>199</x11>
            <y11>104</y11>
            <x12>152</x12>
            <y12>95</y12>
            <x13>135</x13>
            <y13>100</y13>
            <x14>65</x14>
            <y14>56</y14>
            <x15>51</x15>
            <y15>68</y15>
            <x16>49</x16>
            <y16>86</y16>
            <x17>45</x17>
            <y17>94</y17>
            <x18>12</x18>
            <y18>129</y18>
            <x19>25</x19>
            <y19>149</y19>
            <x20>2</x20>
            <y20>155</y20>
            <x21>2</x21>
            <y21>207</y21>
            <x22>137</x22>
            <y22>241</y22>
            <x23>192</x23>
            <y23>222</y23>
            <x24>208</x24>
            <y24>227</y24>
            <x25>146</x25>
            <y25>251</y25>
            <x26>109</x26>
            <y26>242</y26>
            <x27>101</x27>
            <y27>254</y27>
            <x28>139</x28>
            <y28>264</y28>
            <x29>178</x29>
            <y29>272</y29>
            <x30>205</x30>
            <y30>304</y30>
            <x31>277</x31>
            <y31>259</y31>
            <x32>290</x32>
            <y32>207</y32>
            <x33>329</x33>
            <y33>219</y33>
            <x34>359</x34>
            <y34>211</y34>
            <x35>371</x35>
            <y35>190</y35>
        </polygon>
    </object>
</annotation>
