<?xml version="1.0" encoding="UTF-8" standalone="no"?>
<annotation>
    <folder>Images</folder>
    <filename>dd088.jpg</filename>
    <source>
        <database>Unknown</database>
    </source>
    <size>
        <width>567</width>
        <height>300</height>
        <depth>3</depth>
    </size>
    <segmented>0</segmented>
    <object>
        <name>晕倒及紧急情况</name>
        <pose>Unspecified</pose>
        <truncated>0</truncated>
        <difficult>0</difficult>
        <occluded>0</occluded>
        <polygon>
            <x1>10</x1>
            <y1>40</y1>
            <x2>90</x2>
            <y2>30</y2>
            <x3>93</x3>
            <y3>45</y3>
            <x4>143</x4>
            <y4>25</y4>
            <x5>206</x5>
            <y5>4</y5>
            <x6>235</x6>
            <y6>31</y6>
            <x7>285</x7>
            <y7>46</y7>
            <x8>351</x8>
            <y8>36</y8>
            <x9>382</x9>
            <y9>60</y9>
            <x10>391</x10>
            <y10>70</y10>
            <x11>448</x11>
            <y11>85</y11>
            <x12>467</x12>
            <y12>94</y12>
            <x13>466</x13>
            <y13>163</y13>
            <x14>460</x14>
            <y14>187</y14>
            <x15>440</x15>
            <y15>189</y15>
            <x16>411</x16>
            <y16>177</y16>
            <x17>399</x17>
            <y17>174</y17>
            <x18>394</x18>
            <y18>184</y18>
            <x19>376</x19>
            <y19>181</y19>
            <x20>364</x20>
            <y20>173</y20>
            <x21>329</x21>
            <y21>157</y21>
            <x22>313</x22>
            <y22>154</y22>
            <x23>244</x23>
            <y23>113</y23>
            <x24>216</x24>
            <y24>111</y24>
            <x25>181</x25>
            <y25>130</y25>
            <x26>152</x26>
            <y26>133</y26>
            <x27>83</x27>
            <y27>137</y27>
            <x28>61</x28>
            <y28>139</y28>
            <x29>49</x29>
            <y29>97</y29>
            <x30>41</x30>
            <y30>85</y30>
            <x31>12</x31>
            <y31>76</y31>
            <x32>4</x32>
            <y32>61</y32>
            <x33>12</x33>
            <y33>51</y33>
            <x34>10</x34>
            <y34>40</y34>
        </polygon>
    </object>
</annotation>
