<?xml version="1.0" encoding="UTF-8" standalone="no"?>
<annotation>
    <folder>Images</folder>
    <filename>dd083.jpg</filename>
    <source>
        <database>Unknown</database>
    </source>
    <size>
        <width>500</width>
        <height>402</height>
        <depth>3</depth>
    </size>
    <segmented>0</segmented>
    <object>
        <name>晕倒及紧急情况</name>
        <pose>Unspecified</pose>
        <truncated>0</truncated>
        <difficult>0</difficult>
        <occluded>0</occluded>
        <polygon>
            <x1>451</x1>
            <y1>119</y1>
            <x2>392</x2>
            <y2>114</y2>
            <x3>305</x3>
            <y3>106</y3>
            <x4>254</x4>
            <y4>120</y4>
            <x5>191</x5>
            <y5>140</y5>
            <x6>157</x6>
            <y6>150</y6>
            <x7>123</x7>
            <y7>164</y7>
            <x8>77</x8>
            <y8>164</y8>
            <x9>60</x9>
            <y9>144</y9>
            <x10>59</x10>
            <y10>163</y10>
            <x11>63</x11>
            <y11>188</y11>
            <x12>68</x12>
            <y12>202</y12>
            <x13>151</x13>
            <y13>186</y13>
            <x14>151</x14>
            <y14>196</y14>
            <x15>87</x15>
            <y15>202</y15>
            <x16>60</x16>
            <y16>208</y16>
            <x17>59</x17>
            <y17>240</y17>
            <x18>104</x18>
            <y18>232</y18>
            <x19>141</x19>
            <y19>232</y19>
            <x20>183</x20>
            <y20>212</y20>
            <x21>317</x21>
            <y21>189</y21>
            <x22>352</x22>
            <y22>218</y22>
            <x23>401</x23>
            <y23>198</y23>
            <x24>416</x24>
            <y24>163</y24>
            <x25>451</x25>
            <y25>163</y25>
            <x26>462</x26>
            <y26>145</y26>
            <x27>464</x27>
            <y27>131</y27>
            <x28>451</x28>
            <y28>119</y28>
        </polygon>
    </object>
</annotation>
