<?xml version="1.0" encoding="UTF-8" standalone="no"?>
<annotation>
    <folder>Images</folder>
    <filename>dd080.jpg</filename>
    <source>
        <database>Unknown</database>
    </source>
    <size>
        <width>380</width>
        <height>240</height>
        <depth>3</depth>
    </size>
    <segmented>0</segmented>
    <object>
        <name>晕倒及紧急情况</name>
        <pose>Unspecified</pose>
        <truncated>0</truncated>
        <difficult>0</difficult>
        <occluded>0</occluded>
        <polygon>
            <x1>201</x1>
            <y1>98</y1>
            <x2>191</x2>
            <y2>108</y2>
            <x3>161</x3>
            <y3>127</y3>
            <x4>162</x4>
            <y4>137</y4>
            <x5>172</x5>
            <y5>138</y5>
            <x6>174</x6>
            <y6>129</y6>
            <x7>184</x7>
            <y7>123</y7>
            <x8>183</x8>
            <y8>136</y8>
            <x9>180</x9>
            <y9>155</y9>
            <x10>187</x10>
            <y10>163</y10>
            <x11>188</x11>
            <y11>195</y11>
            <x12>187</x12>
            <y12>210</y12>
            <x13>197</x13>
            <y13>216</y13>
            <x14>205</x14>
            <y14>211</y14>
            <x15>213</x15>
            <y15>215</y15>
            <x16>221</x16>
            <y16>214</y16>
            <x17>221</x17>
            <y17>206</y17>
            <x18>214</x18>
            <y18>196</y18>
            <x19>215</x19>
            <y19>163</y19>
            <x20>216</x20>
            <y20>147</y20>
            <x21>220</x21>
            <y21>136</y21>
            <x22>221</x22>
            <y22>121</y22>
            <x23>208</x23>
            <y23>111</y23>
            <x24>207</x24>
            <y24>103</y24>
            <x25>201</x25>
            <y25>98</y25>
        </polygon>
    </object>
</annotation>
