<?xml version="1.0" encoding="UTF-8" standalone="no"?>
<annotation>
    <folder>Images</folder>
    <filename>dd086.jpg</filename>
    <source>
        <database>Unknown</database>
    </source>
    <size>
        <width>500</width>
        <height>351</height>
        <depth>3</depth>
    </size>
    <segmented>0</segmented>
    <object>
        <name>晕倒及紧急情况</name>
        <pose>Unspecified</pose>
        <truncated>0</truncated>
        <difficult>0</difficult>
        <occluded>0</occluded>
        <polygon>
            <x1>432</x1>
            <y1>151</y1>
            <x2>396</x2>
            <y2>129</y2>
            <x3>368</x3>
            <y3>129</y3>
            <x4>331</x4>
            <y4>151</y4>
            <x5>246</x5>
            <y5>97</y5>
            <x6>160</x6>
            <y6>129</y6>
            <x7>106</x7>
            <y7>177</y7>
            <x8>102</x8>
            <y8>187</y8>
            <x9>71</x9>
            <y9>185</y9>
            <x10>61</x10>
            <y10>191</y10>
            <x11>53</x11>
            <y11>209</y11>
            <x12>50</x12>
            <y12>235</y12>
            <x13>60</x13>
            <y13>255</y13>
            <x14>125</x14>
            <y14>268</y14>
            <x15>137</x15>
            <y15>213</y15>
            <x16>140</x16>
            <y16>206</y16>
            <x17>149</x17>
            <y17>215</y17>
            <x18>179</x18>
            <y18>198</y18>
            <x19>202</x19>
            <y19>213</y19>
            <x20>168</x20>
            <y20>251</y20>
            <x21>158</x21>
            <y21>267</y21>
            <x22>165</x22>
            <y22>280</y22>
            <x23>198</x23>
            <y23>281</y23>
            <x24>207</x24>
            <y24>259</y24>
            <x25>228</x25>
            <y25>220</y25>
            <x26>274</x26>
            <y26>227</y26>
            <x27>281</x27>
            <y27>235</y27>
            <x28>290</x28>
            <y28>244</y28>
            <x29>309</x29>
            <y29>238</y29>
            <x30>312</x30>
            <y30>222</y30>
            <x31>346</x31>
            <y31>195</y31>
            <x32>358</x32>
            <y32>199</y32>
            <x33>403</x33>
            <y33>181</y33>
            <x34>432</x34>
            <y34>151</y34>
        </polygon>
    </object>
</annotation>
