<?xml version="1.0" encoding="UTF-8" standalone="no"?>
<annotation>
    <folder>Images</folder>
    <filename>dd099.jpg</filename>
    <source>
        <database>Unknown</database>
    </source>
    <size>
        <width>500</width>
        <height>305</height>
        <depth>3</depth>
    </size>
    <segmented>0</segmented>
    <object>
        <name>晕倒及紧急情况</name>
        <pose>Unspecified</pose>
        <truncated>0</truncated>
        <difficult>0</difficult>
        <occluded>0</occluded>
        <polygon>
            <x1>402</x1>
            <y1>138</y1>
            <x2>346</x2>
            <y2>143</y2>
            <x3>276</x3>
            <y3>162</y3>
            <x4>209</x4>
            <y4>167</y4>
            <x5>194</x5>
            <y5>174</y5>
            <x6>194</x6>
            <y6>196</y6>
            <x7>121</x7>
            <y7>239</y7>
            <x8>36</x8>
            <y8>304</y8>
            <x9>438</x9>
            <y9>300</y9>
            <x10>443</x10>
            <y10>284</y10>
            <x11>495</x11>
            <y11>302</y11>
            <x12>498</x12>
            <y12>240</y12>
            <x13>460</x13>
            <y13>223</y13>
            <x14>430</x14>
            <y14>198</y14>
            <x15>412</x15>
            <y15>169</y15>
            <x16>402</x16>
            <y16>138</y16>
        </polygon>
    </object>
</annotation>
