<?xml version="1.0" encoding="UTF-8" standalone="no"?>
<annotation>
    <folder>Images</folder>
    <filename>dd096.jpg</filename>
    <source>
        <database>Unknown</database>
    </source>
    <size>
        <width>400</width>
        <height>268</height>
        <depth>3</depth>
    </size>
    <segmented>0</segmented>
    <object>
        <name>晕倒及紧急情况</name>
        <pose>Unspecified</pose>
        <truncated>0</truncated>
        <difficult>0</difficult>
        <occluded>0</occluded>
        <polygon>
            <x1>146</x1>
            <y1>114</y1>
            <x2>123</x2>
            <y2>124</y2>
            <x3>98</x3>
            <y3>130</y3>
            <x4>56</x4>
            <y4>226</y4>
            <x5>55</x5>
            <y5>235</y5>
            <x6>55</x6>
            <y6>249</y6>
            <x7>59</x7>
            <y7>260</y7>
            <x8>69</x8>
            <y8>264</y8>
            <x9>85</x9>
            <y9>264</y9>
            <x10>83</x10>
            <y10>253</y10>
            <x11>90</x11>
            <y11>241</y11>
            <x12>85</x12>
            <y12>234</y12>
            <x13>111</x13>
            <y13>195</y13>
            <x14>131</x14>
            <y14>242</y14>
            <x15>156</x15>
            <y15>239</y15>
            <x16>222</x16>
            <y16>245</y16>
            <x17>228</x17>
            <y17>264</y17>
            <x18>300</x18>
            <y18>264</y18>
            <x19>287</x19>
            <y19>210</y19>
            <x20>244</x20>
            <y20>196</y20>
            <x21>253</x21>
            <y21>187</y21>
            <x22>234</x22>
            <y22>179</y22>
            <x23>224</x23>
            <y23>183</y23>
            <x24>190</x24>
            <y24>161</y24>
            <x25>161</x25>
            <y25>135</y25>
            <x26>146</x26>
            <y26>114</y26>
        </polygon>
    </object>
</annotation>
