<?xml version="1.0" encoding="UTF-8" standalone="no"?>
<annotation>
    <folder>Images</folder>
    <filename>dd092.jpg</filename>
    <source>
        <database>Unknown</database>
    </source>
    <size>
        <width>640</width>
        <height>300</height>
        <depth>3</depth>
    </size>
    <segmented>0</segmented>
    <object>
        <name>晕倒及紧急情况</name>
        <pose>Unspecified</pose>
        <truncated>0</truncated>
        <difficult>0</difficult>
        <occluded>0</occluded>
        <polygon>
            <x1>114</x1>
            <y1>268</y1>
            <x2>90</x2>
            <y2>232</y2>
            <x3>121</x3>
            <y3>182</y3>
            <x4>188</x4>
            <y4>148</y4>
            <x5>154</x5>
            <y5>122</y5>
            <x6>164</x6>
            <y6>97</y6>
            <x7>228</x7>
            <y7>95</y7>
            <x8>262</x8>
            <y8>45</y8>
            <x9>284</x9>
            <y9>32</y9>
            <x10>376</x10>
            <y10>34</y10>
            <x11>474</x11>
            <y11>16</y11>
            <x12>490</x12>
            <y12>19</y12>
            <x13>510</x13>
            <y13>50</y13>
            <x14>521</x14>
            <y14>50</y14>
            <x15>521</x15>
            <y15>76</y15>
            <x16>557</x16>
            <y16>88</y16>
            <x17>560</x17>
            <y17>100</y17>
            <x18>569</x18>
            <y18>132</y18>
            <x19>553</x19>
            <y19>148</y19>
            <x20>513</x20>
            <y20>136</y20>
            <x21>513</x21>
            <y21>164</y21>
            <x22>484</x22>
            <y22>153</y22>
            <x23>462</x23>
            <y23>289</y23>
            <x24>425</x24>
            <y24>286</y24>
            <x25>426</x25>
            <y25>158</y25>
            <x26>285</x26>
            <y26>190</y26>
            <x27>283</x27>
            <y27>154</y27>
            <x28>252</x28>
            <y28>175</y28>
            <x29>197</x29>
            <y29>203</y29>
            <x30>176</x30>
            <y30>223</y30>
            <x31>148</x31>
            <y31>226</y31>
            <x32>137</x32>
            <y32>262</y32>
            <x33>114</x33>
            <y33>268</y33>
        </polygon>
    </object>
</annotation>
