<?xml version="1.0" encoding="UTF-8" standalone="no"?>
<annotation>
    <folder>Images</folder>
    <filename>dd094.jpg</filename>
    <source>
        <database>Unknown</database>
    </source>
    <size>
        <width>500</width>
        <height>375</height>
        <depth>3</depth>
    </size>
    <segmented>0</segmented>
    <object>
        <name>晕倒及紧急情况</name>
        <pose>Unspecified</pose>
        <truncated>0</truncated>
        <difficult>0</difficult>
        <occluded>0</occluded>
        <polygon>
            <x1>345</x1>
            <y1>267</y1>
            <x2>310</x2>
            <y2>252</y2>
            <x3>246</x3>
            <y3>241</y3>
            <x4>236</x4>
            <y4>261</y4>
            <x5>235</x5>
            <y5>277</y5>
            <x6>203</x6>
            <y6>295</y6>
            <x7>150</x7>
            <y7>260</y7>
            <x8>135</x8>
            <y8>257</y8>
            <x9>128</x9>
            <y9>261</y9>
            <x10>128</x10>
            <y10>284</y10>
            <x11>145</x11>
            <y11>287</y11>
            <x12>164</x12>
            <y12>292</y12>
            <x13>180</x13>
            <y13>308</y13>
            <x14>148</x14>
            <y14>319</y14>
            <x15>131</x15>
            <y15>319</y15>
            <x16>118</x16>
            <y16>306</y16>
            <x17>104</x17>
            <y17>312</y17>
            <x18>85</x18>
            <y18>311</y18>
            <x19>53</x19>
            <y19>321</y19>
            <x20>34</x20>
            <y20>318</y20>
            <x21>12</x21>
            <y21>317</y21>
            <x22>2</x22>
            <y22>326</y22>
            <x23>4</x23>
            <y23>374</y23>
            <x24>233</x24>
            <y24>374</y24>
            <x25>305</x25>
            <y25>335</y25>
            <x26>310</x26>
            <y26>314</y26>
            <x27>335</x27>
            <y27>297</y27>
            <x28>334</x28>
            <y28>273</y28>
            <x29>334</x29>
            <y29>263</y29>
            <x30>345</x30>
            <y30>267</y30>
        </polygon>
    </object>
</annotation>
