<?xml version="1.0" encoding="UTF-8" standalone="no"?>
<annotation>
    <folder>Images</folder>
    <filename>dd098.jpg</filename>
    <source>
        <database>Unknown</database>
    </source>
    <size>
        <width>500</width>
        <height>375</height>
        <depth>3</depth>
    </size>
    <segmented>0</segmented>
    <object>
        <name>晕倒及紧急情况</name>
        <pose>Unspecified</pose>
        <truncated>0</truncated>
        <difficult>0</difficult>
        <occluded>0</occluded>
        <polygon>
            <x1>237</x1>
            <y1>256</y1>
            <x2>191</x2>
            <y2>280</y2>
            <x3>218</x3>
            <y3>294</y3>
            <x4>232</x4>
            <y4>312</y4>
            <x5>291</x5>
            <y5>320</y5>
            <x6>302</x6>
            <y6>314</y6>
            <x7>330</x7>
            <y7>323</y7>
            <x8>329</x8>
            <y8>353</y8>
            <x9>360</x9>
            <y9>344</y9>
            <x10>387</x10>
            <y10>337</y10>
            <x11>387</x11>
            <y11>327</y11>
            <x12>415</x12>
            <y12>341</y12>
            <x13>434</x13>
            <y13>327</y13>
            <x14>412</x14>
            <y14>296</y14>
            <x15>398</x15>
            <y15>299</y15>
            <x16>387</x16>
            <y16>267</y16>
            <x17>347</x17>
            <y17>254</y17>
            <x18>330</x18>
            <y18>254</y18>
            <x19>323</x19>
            <y19>266</y19>
            <x20>297</x20>
            <y20>256</y20>
            <x21>255</x21>
            <y21>261</y21>
            <x22>237</x22>
            <y22>256</y22>
        </polygon>
    </object>
</annotation>
