<?xml version="1.0" encoding="UTF-8" standalone="no"?>
<annotation>
    <folder>Images</folder>
    <filename>dd091.jpg</filename>
    <source>
        <database>Unknown</database>
    </source>
    <size>
        <width>500</width>
        <height>347</height>
        <depth>3</depth>
    </size>
    <segmented>0</segmented>
    <object>
        <name>晕倒及紧急情况</name>
        <pose>Unspecified</pose>
        <truncated>0</truncated>
        <difficult>0</difficult>
        <occluded>0</occluded>
        <polygon>
            <x1>190</x1>
            <y1>147</y1>
            <x2>165</x2>
            <y2>159</y2>
            <x3>157</x3>
            <y3>177</y3>
            <x4>150</x4>
            <y4>200</y4>
            <x5>164</x5>
            <y5>236</y5>
            <x6>183</x6>
            <y6>249</y6>
            <x7>233</x7>
            <y7>258</y7>
            <x8>270</x8>
            <y8>247</y8>
            <x9>268</x9>
            <y9>263</y9>
            <x10>268</x10>
            <y10>278</y10>
            <x11>289</x11>
            <y11>289</y11>
            <x12>311</x12>
            <y12>294</y12>
            <x13>318</x13>
            <y13>295</y13>
            <x14>319</x14>
            <y14>305</y14>
            <x15>341</x15>
            <y15>315</y15>
            <x16>376</x16>
            <y16>308</y16>
            <x17>391</x17>
            <y17>300</y17>
            <x18>390</x18>
            <y18>287</y18>
            <x19>362</x19>
            <y19>282</y19>
            <x20>348</x20>
            <y20>280</y20>
            <x21>343</x21>
            <y21>260</y21>
            <x22>309</x22>
            <y22>221</y22>
            <x23>291</x23>
            <y23>209</y23>
            <x24>284</x24>
            <y24>201</y24>
            <x25>270</x25>
            <y25>201</y25>
            <x26>261</x26>
            <y26>200</y26>
            <x27>252</x27>
            <y27>190</y27>
            <x28>223</x28>
            <y28>171</y28>
            <x29>205</x29>
            <y29>155</y29>
            <x30>190</x30>
            <y30>147</y30>
        </polygon>
    </object>
</annotation>
