<?xml version="1.0" encoding="UTF-8" standalone="no"?>
<annotation>
    <folder>Images</folder>
    <filename>dd101.jpg</filename>
    <source>
        <database>Unknown</database>
    </source>
    <size>
        <width>500</width>
        <height>375</height>
        <depth>3</depth>
    </size>
    <segmented>0</segmented>
    <object>
        <name>晕倒及紧急情况</name>
        <pose>Unspecified</pose>
        <truncated>0</truncated>
        <difficult>0</difficult>
        <occluded>0</occluded>
        <polygon>
            <x1>289</x1>
            <y1>174</y1>
            <x2>11</x2>
            <y2>284</y2>
            <x3>2</x3>
            <y3>370</y3>
            <x4>125</x4>
            <y4>372</y4>
            <x5>171</x5>
            <y5>351</y5>
            <x6>210</x6>
            <y6>340</y6>
            <x7>233</x7>
            <y7>323</y7>
            <x8>249</x8>
            <y8>297</y8>
            <x9>263</x9>
            <y9>269</y9>
            <x10>287</x10>
            <y10>269</y10>
            <x11>297</x11>
            <y11>280</y11>
            <x12>308</x12>
            <y12>282</y12>
            <x13>345</x13>
            <y13>282</y13>
            <x14>440</x14>
            <y14>297</y14>
            <x15>470</x15>
            <y15>286</y15>
            <x16>463</x16>
            <y16>271</y16>
            <x17>434</x17>
            <y17>267</y17>
            <x18>390</x18>
            <y18>258</y18>
            <x19>339</x19>
            <y19>233</y19>
            <x20>327</x20>
            <y20>215</y20>
            <x21>315</x21>
            <y21>194</y21>
            <x22>300</x22>
            <y22>194</y22>
            <x23>282</x23>
            <y23>194</y23>
            <x24>270</x24>
            <y24>197</y24>
            <x25>255</x25>
            <y25>199</y25>
            <x26>229</x26>
            <y26>198</y26>
            <x27>289</x27>
            <y27>174</y27>
        </polygon>
    </object>
</annotation>
