<?xml version="1.0" encoding="UTF-8" standalone="no"?>
<annotation>
    <folder>Images</folder>
    <filename>dd109.jpg</filename>
    <source>
        <database>Unknown</database>
    </source>
    <size>
        <width>500</width>
        <height>332</height>
        <depth>3</depth>
    </size>
    <segmented>0</segmented>
    <object>
        <name>晕倒及紧急情况</name>
        <pose>Unspecified</pose>
        <truncated>0</truncated>
        <difficult>0</difficult>
        <occluded>0</occluded>
        <polygon>
            <x1>437</x1>
            <y1>114</y1>
            <x2>332</x2>
            <y2>59</y2>
            <x3>166</x3>
            <y3>39</y3>
            <x4>113</x4>
            <y4>4</y4>
            <x5>51</x5>
            <y5>2</y5>
            <x6>32</x6>
            <y6>87</y6>
            <x7>30</x7>
            <y7>98</y7>
            <x8>1</x8>
            <y8>109</y8>
            <x9>1</x9>
            <y9>171</y9>
            <x10>65</x10>
            <y10>152</y10>
            <x11>63</x11>
            <y11>130</y11>
            <x12>93</x12>
            <y12>126</y12>
            <x13>83</x13>
            <y13>100</y13>
            <x14>95</x14>
            <y14>74</y14>
            <x15>126</x15>
            <y15>121</y15>
            <x16>154</x16>
            <y16>132</y16>
            <x17>216</x17>
            <y17>127</y17>
            <x18>231</x18>
            <y18>143</y18>
            <x19>269</x19>
            <y19>145</y19>
            <x20>345</x20>
            <y20>162</y20>
            <x21>400</x21>
            <y21>155</y21>
            <x22>421</x22>
            <y22>157</y22>
            <x23>440</x23>
            <y23>137</y23>
            <x24>432</x24>
            <y24>127</y24>
            <x25>392</x25>
            <y25>132</y25>
            <x26>382</x26>
            <y26>137</y26>
            <x27>317</x27>
            <y27>125</y27>
            <x28>344</x28>
            <y28>117</y28>
            <x29>347</x29>
            <y29>101</y29>
            <x30>385</x30>
            <y30>108</y30>
            <x31>405</x31>
            <y31>122</y31>
            <x32>429</x32>
            <y32>126</y32>
            <x33>437</x33>
            <y33>114</y33>
        </polygon>
    </object>
</annotation>
