<?xml version="1.0" encoding="UTF-8" standalone="no"?>
<annotation>
    <folder>Images</folder>
    <filename>dd105.jpg</filename>
    <source>
        <database>Unknown</database>
    </source>
    <size>
        <width>533</width>
        <height>300</height>
        <depth>3</depth>
    </size>
    <segmented>0</segmented>
    <object>
        <name>晕倒及紧急情况</name>
        <pose>Unspecified</pose>
        <truncated>0</truncated>
        <difficult>0</difficult>
        <occluded>0</occluded>
        <polygon>
            <x1>219</x1>
            <y1>19</y1>
            <x2>159</x2>
            <y2>16</y2>
            <x3>161</x3>
            <y3>58</y3>
            <x4>156</x4>
            <y4>74</y4>
            <x5>133</x5>
            <y5>100</y5>
            <x6>101</x6>
            <y6>136</y6>
            <x7>17</x7>
            <y7>172</y7>
            <x8>18</x8>
            <y8>192</y8>
            <x9>3</x9>
            <y9>202</y9>
            <x10>9</x10>
            <y10>256</y10>
            <x11>40</x11>
            <y11>220</y11>
            <x12>73</x12>
            <y12>229</y12>
            <x13>164</x13>
            <y13>176</y13>
            <x14>167</x14>
            <y14>160</y14>
            <x15>183</x15>
            <y15>178</y15>
            <x16>228</x16>
            <y16>296</y16>
            <x17>386</x17>
            <y17>298</y17>
            <x18>395</x18>
            <y18>268</y18>
            <x19>454</x19>
            <y19>298</y19>
            <x20>528</x20>
            <y20>298</y20>
            <x21>531</x21>
            <y21>232</y21>
            <x22>531</x22>
            <y22>216</y22>
            <x23>476</x23>
            <y23>187</y23>
            <x24>505</x24>
            <y24>168</y24>
            <x25>505</x25>
            <y25>137</y25>
            <x26>450</x26>
            <y26>98</y26>
            <x27>368</x27>
            <y27>86</y27>
            <x28>358</x28>
            <y28>68</y28>
            <x29>324</x29>
            <y29>65</y29>
            <x30>297</x30>
            <y30>46</y30>
            <x31>274</x31>
            <y31>37</y31>
            <x32>250</x32>
            <y32>31</y32>
            <x33>232</x33>
            <y33>37</y33>
            <x34>223</x34>
            <y34>13</y34>
            <x35>219</x35>
            <y35>19</y35>
        </polygon>
    </object>
</annotation>
