<?xml version="1.0" encoding="UTF-8" standalone="no"?>
<annotation>
    <folder>Images</folder>
    <filename>dd106.jpg</filename>
    <source>
        <database>Unknown</database>
    </source>
    <size>
        <width>500</width>
        <height>321</height>
        <depth>3</depth>
    </size>
    <segmented>0</segmented>
    <object>
        <name>晕倒及紧急情况</name>
        <pose>Unspecified</pose>
        <truncated>0</truncated>
        <difficult>0</difficult>
        <occluded>0</occluded>
        <polygon>
            <x1>115</x1>
            <y1>171</y1>
            <x2>107</x2>
            <y2>208</y2>
            <x3>128</x3>
            <y3>259</y3>
            <x4>235</x4>
            <y4>286</y4>
            <x5>258</x5>
            <y5>267</y5>
            <x6>461</x6>
            <y6>295</y6>
            <x7>462</x7>
            <y7>270</y7>
            <x8>492</x8>
            <y8>279</y8>
            <x9>492</x9>
            <y9>214</y9>
            <x10>471</x10>
            <y10>200</y10>
            <x11>460</x11>
            <y11>232</y11>
            <x12>455</x12>
            <y12>205</y12>
            <x13>439</x13>
            <y13>213</y13>
            <x14>434</x14>
            <y14>233</y14>
            <x15>415</x15>
            <y15>234</y15>
            <x16>390</x16>
            <y16>226</y16>
            <x17>316</x17>
            <y17>201</y17>
            <x18>285</x18>
            <y18>198</y18>
            <x19>269</x19>
            <y19>190</y19>
            <x20>262</x20>
            <y20>187</y20>
            <x21>250</x21>
            <y21>203</y21>
            <x22>232</x22>
            <y22>203</y22>
            <x23>212</x23>
            <y23>200</y23>
            <x24>179</x24>
            <y24>190</y24>
            <x25>163</x25>
            <y25>204</y25>
            <x26>160</x26>
            <y26>194</y26>
            <x27>153</x27>
            <y27>184</y27>
            <x28>147</x28>
            <y28>178</y28>
            <x29>129</x29>
            <y29>173</y29>
            <x30>115</x30>
            <y30>171</y30>
        </polygon>
    </object>
</annotation>
