<?xml version="1.0" encoding="UTF-8" standalone="no"?>
<annotation>
    <folder>Images</folder>
    <filename>dd108.jpg</filename>
    <source>
        <database>Unknown</database>
    </source>
    <size>
        <width>400</width>
        <height>283</height>
        <depth>3</depth>
    </size>
    <segmented>0</segmented>
    <object>
        <name>晕倒及紧急情况</name>
        <pose>Unspecified</pose>
        <truncated>0</truncated>
        <difficult>0</difficult>
        <occluded>0</occluded>
        <polygon>
            <x1>88</x1>
            <y1>194</y1>
            <x2>66</x2>
            <y2>192</y2>
            <x3>62</x3>
            <y3>196</y3>
            <x4>58</x4>
            <y4>212</y4>
            <x5>65</x5>
            <y5>227</y5>
            <x6>87</x6>
            <y6>230</y6>
            <x7>99</x7>
            <y7>230</y7>
            <x8>123</x8>
            <y8>233</y8>
            <x9>133</x9>
            <y9>237</y9>
            <x10>147</x10>
            <y10>238</y10>
            <x11>162</x11>
            <y11>247</y11>
            <x12>174</x12>
            <y12>240</y12>
            <x13>161</x13>
            <y13>232</y13>
            <x14>153</x14>
            <y14>230</y14>
            <x15>146</x15>
            <y15>230</y15>
            <x16>147</x16>
            <y16>223</y16>
            <x17>164</x17>
            <y17>226</y17>
            <x18>205</x18>
            <y18>228</y18>
            <x19>232</x19>
            <y19>218</y19>
            <x20>274</x20>
            <y20>217</y20>
            <x21>277</x21>
            <y21>210</y21>
            <x22>265</x22>
            <y22>199</y22>
            <x23>252</x23>
            <y23>202</y23>
            <x24>220</x24>
            <y24>192</y24>
            <x25>211</x25>
            <y25>192</y25>
            <x26>190</x26>
            <y26>186</y26>
            <x27>167</x27>
            <y27>179</y27>
            <x28>138</x28>
            <y28>173</y28>
            <x29>107</x29>
            <y29>173</y29>
            <x30>99</x30>
            <y30>177</y30>
            <x31>90</x31>
            <y31>185</y31>
            <x32>88</x32>
            <y32>194</y32>
        </polygon>
    </object>
</annotation>
