<?xml version="1.0" encoding="UTF-8" standalone="no"?>
<annotation>
    <folder>Images</folder>
    <filename>dd100.jpg</filename>
    <source>
        <database>Unknown</database>
    </source>
    <size>
        <width>500</width>
        <height>631</height>
        <depth>3</depth>
    </size>
    <segmented>0</segmented>
    <object>
        <name>晕倒及紧急情况</name>
        <pose>Unspecified</pose>
        <truncated>0</truncated>
        <difficult>0</difficult>
        <occluded>0</occluded>
        <polygon>
            <x1>302</x1>
            <y1>137</y1>
            <x2>409</x2>
            <y2>202</y2>
            <x3>377</x3>
            <y3>304</y3>
            <x4>362</x4>
            <y4>316</y4>
            <x5>356</x5>
            <y5>423</y5>
            <x6>324</x6>
            <y6>430</y6>
            <x7>273</x7>
            <y7>385</y7>
            <x8>166</x8>
            <y8>503</y8>
            <x9>132</x9>
            <y9>480</y9>
            <x10>78</x10>
            <y10>513</y10>
            <x11>3</x11>
            <y11>500</y11>
            <x12>6</x12>
            <y12>335</y12>
            <x13>97</x13>
            <y13>341</y13>
            <x14>185</x14>
            <y14>289</y14>
            <x15>160</x15>
            <y15>243</y15>
            <x16>182</x16>
            <y16>190</y16>
            <x17>222</x17>
            <y17>206</y17>
            <x18>220</x18>
            <y18>226</y18>
            <x19>255</x19>
            <y19>193</y19>
            <x20>289</x20>
            <y20>175</y20>
            <x21>302</x21>
            <y21>137</y21>
        </polygon>
    </object>
</annotation>
