<?xml version="1.0" encoding="UTF-8" standalone="no"?>
<annotation>
    <folder>Images</folder>
    <filename>dd104.jpg</filename>
    <source>
        <database>Unknown</database>
    </source>
    <size>
        <width>310</width>
        <height>222</height>
        <depth>3</depth>
    </size>
    <segmented>0</segmented>
    <object>
        <name>晕倒及紧急情况</name>
        <pose>Unspecified</pose>
        <truncated>0</truncated>
        <difficult>0</difficult>
        <occluded>0</occluded>
        <polygon>
            <x1>122</x1>
            <y1>130</y1>
            <x2>109</x2>
            <y2>131</y2>
            <x3>108</x3>
            <y3>151</y3>
            <x4>118</x4>
            <y4>164</y4>
            <x5>150</x5>
            <y5>184</y5>
            <x6>275</x6>
            <y6>168</y6>
            <x7>275</x7>
            <y7>157</y7>
            <x8>249</x8>
            <y8>156</y8>
            <x9>236</x9>
            <y9>154</y9>
            <x10>254</x10>
            <y10>151</y10>
            <x11>224</x11>
            <y11>148</y11>
            <x12>213</x12>
            <y12>129</y12>
            <x13>205</x13>
            <y13>126</y13>
            <x14>187</x14>
            <y14>134</y14>
            <x15>169</x15>
            <y15>144</y15>
            <x16>154</x16>
            <y16>133</y16>
            <x17>157</x17>
            <y17>129</y17>
            <x18>144</x18>
            <y18>123</y18>
            <x19>128</x19>
            <y19>126</y19>
            <x20>122</x20>
            <y20>130</y20>
        </polygon>
    </object>
</annotation>
