<?xml version="1.0" encoding="UTF-8" standalone="no"?>
<annotation>
    <folder>Images</folder>
    <filename>dd102.jpg</filename>
    <source>
        <database>Unknown</database>
    </source>
    <size>
        <width>500</width>
        <height>367</height>
        <depth>3</depth>
    </size>
    <segmented>0</segmented>
    <object>
        <name>晕倒及紧急情况</name>
        <pose>Unspecified</pose>
        <truncated>0</truncated>
        <difficult>0</difficult>
        <occluded>0</occluded>
        <polygon>
            <x1>349</x1>
            <y1>122</y1>
            <x2>289</x2>
            <y2>91</y2>
            <x3>245</x3>
            <y3>97</y3>
            <x4>174</x4>
            <y4>144</y4>
            <x5>150</x5>
            <y5>160</y5>
            <x6>54</x6>
            <y6>111</y6>
            <x7>1</x7>
            <y7>137</y7>
            <x8>3</x8>
            <y8>364</y8>
            <x9>176</x9>
            <y9>347</y9>
            <x10>207</x10>
            <y10>366</y10>
            <x11>368</x11>
            <y11>366</y11>
            <x12>320</x12>
            <y12>342</y12>
            <x13>280</x13>
            <y13>232</y13>
            <x14>244</x14>
            <y14>219</y14>
            <x15>319</x15>
            <y15>219</y15>
            <x16>355</x16>
            <y16>208</y16>
            <x17>349</x17>
            <y17>122</y17>
        </polygon>
    </object>
</annotation>
