<?xml version="1.0" encoding="UTF-8" standalone="no"?>
<annotation>
    <folder>Images</folder>
    <filename>dd107.jpg</filename>
    <source>
        <database>Unknown</database>
    </source>
    <size>
        <width>500</width>
        <height>375</height>
        <depth>3</depth>
    </size>
    <segmented>0</segmented>
    <object>
        <name>晕倒及紧急情况</name>
        <pose>Unspecified</pose>
        <truncated>0</truncated>
        <difficult>0</difficult>
        <occluded>0</occluded>
        <polygon>
            <x1>189</x1>
            <y1>122</y1>
            <x2>154</x2>
            <y2>134</y2>
            <x3>149</x3>
            <y3>211</y3>
            <x4>191</x4>
            <y4>247</y4>
            <x5>227</x5>
            <y5>211</y5>
            <x6>279</x6>
            <y6>280</y6>
            <x7>373</x7>
            <y7>278</y7>
            <x8>370</x8>
            <y8>372</y8>
            <x9>424</x9>
            <y9>371</y9>
            <x10>419</x10>
            <y10>256</y10>
            <x11>445</x11>
            <y11>251</y11>
            <x12>495</x12>
            <y12>294</y12>
            <x13>495</x13>
            <y13>239</y13>
            <x14>484</x14>
            <y14>229</y14>
            <x15>460</x15>
            <y15>214</y15>
            <x16>442</x16>
            <y16>205</y16>
            <x17>362</x17>
            <y17>204</y17>
            <x18>308</x18>
            <y18>161</y18>
            <x19>295</x19>
            <y19>156</y19>
            <x20>275</x20>
            <y20>143</y20>
            <x21>252</x21>
            <y21>139</y21>
            <x22>236</x22>
            <y22>134</y22>
            <x23>214</x23>
            <y23>125</y23>
            <x24>189</x24>
            <y24>122</y24>
        </polygon>
    </object>
</annotation>
