<?xml version="1.0" encoding="UTF-8" standalone="no"?>
<annotation>
    <folder>Images</folder>
    <filename>dd118.jpg</filename>
    <source>
        <database>Unknown</database>
    </source>
    <size>
        <width>500</width>
        <height>333</height>
        <depth>3</depth>
    </size>
    <segmented>0</segmented>
    <object>
        <name>晕倒及紧急情况</name>
        <pose>Unspecified</pose>
        <truncated>0</truncated>
        <difficult>0</difficult>
        <occluded>0</occluded>
        <polygon>
            <x1>337</x1>
            <y1>204</y1>
            <x2>357</x2>
            <y2>192</y2>
            <x3>380</x3>
            <y3>219</y3>
            <x4>377</x4>
            <y4>236</y4>
            <x5>399</x5>
            <y5>294</y5>
            <x6>402</x6>
            <y6>329</y6>
            <x7>380</x7>
            <y7>329</y7>
            <x8>369</x8>
            <y8>285</y8>
            <x9>350</x9>
            <y9>260</y9>
            <x10>330</x10>
            <y10>264</y10>
            <x11>308</x11>
            <y11>272</y11>
            <x12>279</x12>
            <y12>289</y12>
            <x13>242</x13>
            <y13>299</y13>
            <x14>211</x14>
            <y14>310</y14>
            <x15>169</x15>
            <y15>333</y15>
            <x16>91</x16>
            <y16>329</y16>
            <x17>159</x17>
            <y17>307</y17>
            <x18>203</x18>
            <y18>285</y18>
            <x19>220</x19>
            <y19>259</y19>
            <x20>202</x20>
            <y20>236</y20>
            <x21>130</x21>
            <y21>227</y21>
            <x22>125</x22>
            <y22>191</y22>
            <x23>134</x23>
            <y23>189</y23>
            <x24>158</x24>
            <y24>208</y24>
            <x25>209</x25>
            <y25>212</y25>
            <x26>249</x26>
            <y26>229</y26>
            <x27>256</x27>
            <y27>237</y27>
            <x28>279</x28>
            <y28>229</y28>
            <x29>243</x29>
            <y29>204</y29>
            <x30>255</x30>
            <y30>189</y30>
            <x31>304</x31>
            <y31>219</y31>
            <x32>323</x32>
            <y32>208</y32>
            <x33>337</x33>
            <y33>204</y33>
        </polygon>
    </object>
</annotation>
