<?xml version="1.0" encoding="UTF-8" standalone="no"?>
<annotation>
    <folder>Images</folder>
    <filename>dd113.jpg</filename>
    <source>
        <database>Unknown</database>
    </source>
    <size>
        <width>500</width>
        <height>354</height>
        <depth>3</depth>
    </size>
    <segmented>0</segmented>
    <object>
        <name>晕倒及紧急情况</name>
        <pose>Unspecified</pose>
        <truncated>0</truncated>
        <difficult>0</difficult>
        <occluded>0</occluded>
        <polygon>
            <x1>71</x1>
            <y1>192</y1>
            <x2>49</x2>
            <y2>205</y2>
            <x3>51</x3>
            <y3>209</y3>
            <x4>12</x4>
            <y4>220</y4>
            <x5>15</x5>
            <y5>231</y5>
            <x6>164</x6>
            <y6>241</y6>
            <x7>254</x7>
            <y7>244</y7>
            <x8>251</x8>
            <y8>219</y8>
            <x9>233</x9>
            <y9>215</y9>
            <x10>217</x10>
            <y10>216</y10>
            <x11>192</x11>
            <y11>210</y11>
            <x12>157</x12>
            <y12>199</y12>
            <x13>113</x13>
            <y13>202</y13>
            <x14>84</x14>
            <y14>201</y14>
            <x15>71</x15>
            <y15>192</y15>
        </polygon>
    </object>
    <object>
        <name>晕倒及紧急情况</name>
        <pose>Unspecified</pose>
        <truncated>0</truncated>
        <difficult>0</difficult>
        <occluded>0</occluded>
        <polygon>
            <x1>84</x1>
            <y1>178</y1>
            <x2>183</x2>
            <y2>172</y2>
            <x3>196</x3>
            <y3>192</y3>
            <x4>238</x4>
            <y4>213</y4>
            <x5>217</x5>
            <y5>215</y5>
            <x6>169</x6>
            <y6>201</y6>
            <x7>155</x7>
            <y7>199</y7>
            <x8>113</x8>
            <y8>199</y8>
            <x9>99</x9>
            <y9>198</y9>
            <x10>81</x10>
            <y10>197</y10>
            <x11>76</x11>
            <y11>188</y11>
            <x12>84</x12>
            <y12>178</y12>
        </polygon>
    </object>
</annotation>
