<?xml version="1.0" encoding="UTF-8" standalone="no"?>
<annotation>
    <folder>Images</folder>
    <filename>dd119.jpg</filename>
    <source>
        <database>Unknown</database>
    </source>
    <size>
        <width>500</width>
        <height>337</height>
        <depth>3</depth>
    </size>
    <segmented>0</segmented>
    <object>
        <name>晕倒及紧急情况</name>
        <pose>Unspecified</pose>
        <truncated>0</truncated>
        <difficult>0</difficult>
        <occluded>0</occluded>
        <polygon>
            <x1>103</x1>
            <y1>105</y1>
            <x2>47</x2>
            <y2>80</y2>
            <x3>35</x3>
            <y3>97</y3>
            <x4>78</x4>
            <y4>127</y4>
            <x5>123</x5>
            <y5>184</y5>
            <x6>69</x6>
            <y6>239</y6>
            <x7>112</x7>
            <y7>328</y7>
            <x8>236</x8>
            <y8>299</y8>
            <x9>241</x9>
            <y9>331</y9>
            <x10>323</x10>
            <y10>335</y10>
            <x11>307</x11>
            <y11>282</y11>
            <x12>315</x12>
            <y12>265</y12>
            <x13>309</x13>
            <y13>230</y13>
            <x14>361</x14>
            <y14>260</y14>
            <x15>381</x15>
            <y15>239</y15>
            <x16>355</x16>
            <y16>215</y16>
            <x17>342</x17>
            <y17>212</y17>
            <x18>282</x18>
            <y18>189</y18>
            <x19>263</x19>
            <y19>196</y19>
            <x20>218</x20>
            <y20>144</y20>
            <x21>173</x21>
            <y21>93</y21>
            <x22>177</x22>
            <y22>68</y22>
            <x23>160</x23>
            <y23>67</y23>
            <x24>131</x24>
            <y24>97</y24>
            <x25>170</x25>
            <y25>151</y25>
            <x26>150</x26>
            <y26>158</y26>
            <x27>103</x27>
            <y27>105</y27>
        </polygon>
    </object>
</annotation>
