<?xml version="1.0" encoding="UTF-8" standalone="no"?>
<annotation>
    <folder>Images</folder>
    <filename>dd115.jpg</filename>
    <source>
        <database>Unknown</database>
    </source>
    <size>
        <width>409</width>
        <height>292</height>
        <depth>3</depth>
    </size>
    <segmented>0</segmented>
    <object>
        <name>晕倒及紧急情况</name>
        <pose>Unspecified</pose>
        <truncated>0</truncated>
        <difficult>0</difficult>
        <occluded>0</occluded>
        <polygon>
            <x1>188</x1>
            <y1>157</y1>
            <x2>207</x2>
            <y2>160</y2>
            <x3>234</x3>
            <y3>152</y3>
            <x4>268</x4>
            <y4>186</y4>
            <x5>284</x5>
            <y5>219</y5>
            <x6>288</x6>
            <y6>230</y6>
            <x7>318</x7>
            <y7>248</y7>
            <x8>338</x8>
            <y8>255</y8>
            <x9>366</x9>
            <y9>255</y9>
            <x10>377</x10>
            <y10>265</y10>
            <x11>365</x11>
            <y11>284</y11>
            <x12>341</x12>
            <y12>288</y12>
            <x13>308</x13>
            <y13>288</y13>
            <x14>294</x14>
            <y14>283</y14>
            <x15>283</x15>
            <y15>271</y15>
            <x16>254</x16>
            <y16>256</y16>
            <x17>259</x17>
            <y17>265</y17>
            <x18>265</x18>
            <y18>278</y18>
            <x19>272</x19>
            <y19>287</y19>
            <x20>220</x20>
            <y20>289</y20>
            <x21>228</x21>
            <y21>281</y21>
            <x22>208</x22>
            <y22>273</y22>
            <x23>201</x23>
            <y23>250</y23>
            <x24>181</x24>
            <y24>231</y24>
            <x25>167</x25>
            <y25>226</y25>
            <x26>164</x26>
            <y26>210</y26>
            <x27>170</x27>
            <y27>197</y27>
            <x28>176</x28>
            <y28>186</y28>
            <x29>172</x29>
            <y29>170</y29>
            <x30>188</x30>
            <y30>157</y30>
        </polygon>
    </object>
</annotation>
