<?xml version="1.0" encoding="UTF-8" standalone="no"?>
<annotation>
    <folder>Images</folder>
    <filename>dd117.jpg</filename>
    <source>
        <database>Unknown</database>
    </source>
    <size>
        <width>500</width>
        <height>375</height>
        <depth>3</depth>
    </size>
    <segmented>0</segmented>
    <object>
        <name>晕倒及紧急情况</name>
        <pose>Unspecified</pose>
        <truncated>0</truncated>
        <difficult>0</difficult>
        <occluded>0</occluded>
        <polygon>
            <x1>184</x1>
            <y1>249</y1>
            <x2>169</x2>
            <y2>259</y2>
            <x3>165</x3>
            <y3>275</y3>
            <x4>173</x4>
            <y4>288</y4>
            <x5>190</x5>
            <y5>282</y5>
            <x6>195</x6>
            <y6>302</y6>
            <x7>212</x7>
            <y7>321</y7>
            <x8>225</x8>
            <y8>297</y8>
            <x9>254</x9>
            <y9>312</y9>
            <x10>283</x10>
            <y10>314</y10>
            <x11>345</x11>
            <y11>299</y11>
            <x12>383</x12>
            <y12>323</y12>
            <x13>394</x13>
            <y13>338</y13>
            <x14>412</x14>
            <y14>339</y14>
            <x15>439</x15>
            <y15>341</y15>
            <x16>454</x16>
            <y16>327</y16>
            <x17>447</x17>
            <y17>307</y17>
            <x18>442</x18>
            <y18>297</y18>
            <x19>400</x19>
            <y19>295</y19>
            <x20>353</x20>
            <y20>254</y20>
            <x21>305</x21>
            <y21>258</y21>
            <x22>289</x22>
            <y22>263</y22>
            <x23>272</x23>
            <y23>261</y23>
            <x24>262</x24>
            <y24>256</y24>
            <x25>244</x25>
            <y25>254</y25>
            <x26>222</x26>
            <y26>254</y26>
            <x27>206</x27>
            <y27>262</y27>
            <x28>184</x28>
            <y28>249</y28>
        </polygon>
    </object>
</annotation>
