<?xml version="1.0" encoding="UTF-8" standalone="no"?>
<annotation>
    <folder>Images</folder>
    <filename>dd122.jpg</filename>
    <source>
        <database>Unknown</database>
    </source>
    <size>
        <width>500</width>
        <height>478</height>
        <depth>3</depth>
    </size>
    <segmented>0</segmented>
    <object>
        <name>晕倒及紧急情况</name>
        <pose>Unspecified</pose>
        <truncated>0</truncated>
        <difficult>0</difficult>
        <occluded>0</occluded>
        <polygon>
            <x1>320</x1>
            <y1>154</y1>
            <x2>273</x2>
            <y2>178</y2>
            <x3>253</x3>
            <y3>178</y3>
            <x4>192</x4>
            <y4>228</y4>
            <x5>170</x5>
            <y5>243</y5>
            <x6>139</x6>
            <y6>294</y6>
            <x7>72</x7>
            <y7>369</y7>
            <x8>26</x8>
            <y8>357</y8>
            <x9>14</x9>
            <y9>403</y9>
            <x10>34</x10>
            <y10>436</y10>
            <x11>69</x11>
            <y11>414</y11>
            <x12>134</x12>
            <y12>349</y12>
            <x13>155</x13>
            <y13>331</y13>
            <x14>177</x14>
            <y14>343</y14>
            <x15>161</x15>
            <y15>373</y15>
            <x16>141</x16>
            <y16>400</y16>
            <x17>115</x17>
            <y17>384</y17>
            <x18>91</x18>
            <y18>402</y18>
            <x19>99</x19>
            <y19>471</y19>
            <x20>143</x20>
            <y20>472</y20>
            <x21>160</x21>
            <y21>435</y21>
            <x22>194</x22>
            <y22>398</y22>
            <x23>215</x23>
            <y23>355</y23>
            <x24>242</x24>
            <y24>350</y24>
            <x25>295</x25>
            <y25>314</y25>
            <x26>313</x26>
            <y26>287</y26>
            <x27>320</x27>
            <y27>263</y27>
            <x28>330</x28>
            <y28>279</y28>
            <x29>321</x29>
            <y29>302</y29>
            <x30>351</x30>
            <y30>307</y30>
            <x31>363</x31>
            <y31>290</y31>
            <x32>361</x32>
            <y32>254</y32>
            <x33>378</x33>
            <y33>264</y33>
            <x34>397</x34>
            <y34>238</y34>
            <x35>388</x35>
            <y35>225</y35>
            <x36>393</x36>
            <y36>214</y36>
            <x37>346</x37>
            <y37>188</y37>
            <x38>320</x38>
            <y38>154</y38>
        </polygon>
    </object>
</annotation>
