<?xml version="1.0" encoding="UTF-8" standalone="no"?>
<annotation>
    <folder>Images</folder>
    <filename>dd120.jpg</filename>
    <source>
        <database>Unknown</database>
    </source>
    <size>
        <width>491</width>
        <height>340</height>
        <depth>3</depth>
    </size>
    <segmented>0</segmented>
    <object>
        <name>晕倒及紧急情况</name>
        <pose>Unspecified</pose>
        <truncated>0</truncated>
        <difficult>0</difficult>
        <occluded>0</occluded>
        <polygon>
            <x1>255</x1>
            <y1>190</y1>
            <x2>239</x2>
            <y2>186</y2>
            <x3>234</x3>
            <y3>202</y3>
            <x4>216</x4>
            <y4>207</y4>
            <x5>178</x5>
            <y5>251</y5>
            <x6>165</x6>
            <y6>270</y6>
            <x7>128</x7>
            <y7>296</y7>
            <x8>107</x8>
            <y8>316</y8>
            <x9>102</x9>
            <y9>330</y9>
            <x10>128</x10>
            <y10>339</y10>
            <x11>220</x11>
            <y11>266</y11>
            <x12>221</x12>
            <y12>280</y12>
            <x13>199</x13>
            <y13>324</y13>
            <x14>187</x14>
            <y14>336</y14>
            <x15>240</x15>
            <y15>339</y15>
            <x16>230</x16>
            <y16>326</y16>
            <x17>260</x17>
            <y17>256</y17>
            <x18>262</x18>
            <y18>244</y18>
            <x19>273</x19>
            <y19>242</y19>
            <x20>273</x20>
            <y20>261</y20>
            <x21>291</x21>
            <y21>278</y21>
            <x22>293</x22>
            <y22>256</y22>
            <x23>281</x23>
            <y23>220</y23>
            <x24>255</x24>
            <y24>190</y24>
        </polygon>
    </object>
</annotation>
